{
  "$schema": "https://schema.management.azure.com/schemas/2019-04-01/deploymentTemplate.json#",
  "languageVersion": "2.0",
  "contentVersion": "1.0.0.0",
  "metadata": {
    "_generator": {
      "name": "bicep",
      "version": "0.32.4.45862",
      "templateHash": "4327042524422256200"
    },
    "name": "Email Services Domains",
    "description": "This module deploys an Email Service Domain"
  },
  "definitions": {
    "lockType": {
      "type": "object",
      "properties": {
        "name": {
          "type": "string",
          "nullable": true,
          "metadata": {
            "description": "Optional. Specify the name of lock."
          }
        },
        "kind": {
          "type": "string",
          "allowedValues": [
            "CanNotDelete",
            "None",
            "ReadOnly"
          ],
          "nullable": true,
          "metadata": {
            "description": "Optional. Specify the type of lock."
          }
        }
      },
      "nullable": true
    },
    "roleAssignmentType": {
      "type": "array",
      "items": {
        "type": "object",
        "properties": {
          "name": {
            "type": "string",
            "nullable": true,
            "metadata": {
              "description": "Optional. The name (as GUID) of the role assignment. If not provided, a GUID will be generated."
            }
          },
          "roleDefinitionIdOrName": {
            "type": "string",
            "metadata": {
              "description": "Required. The role to assign. You can provide either the display name of the role definition, the role definition GUID, or its fully qualified ID in the following format: '/providers/Microsoft.Authorization/roleDefinitions/c2f4ef07-c644-48eb-af81-4b1b4947fb11'."
            }
          },
          "principalId": {
            "type": "string",
            "metadata": {
              "description": "Required. The principal ID of the principal (user/group/identity) to assign the role to."
            }
          },
          "principalType": {
            "type": "string",
            "allowedValues": [
              "Device",
              "ForeignGroup",
              "Group",
              "ServicePrincipal",
              "User"
            ],
            "nullable": true,
            "metadata": {
              "description": "Optional. The principal type of the assigned principal ID."
            }
          },
          "description": {
            "type": "string",
            "nullable": true,
            "metadata": {
              "description": "Optional. The description of the role assignment."
            }
          },
          "condition": {
            "type": "string",
            "nullable": true,
            "metadata": {
              "description": "Optional. The conditions on the role assignment. This limits the resources it can be assigned to. e.g.: @Resource[Microsoft.Storage/storageAccounts/blobServices/containers:ContainerName] StringEqualsIgnoreCase \"foo_storage_container\"."
            }
          },
          "conditionVersion": {
            "type": "string",
            "allowedValues": [
              "2.0"
            ],
            "nullable": true,
            "metadata": {
              "description": "Optional. Version of the condition."
            }
          },
          "delegatedManagedIdentityResourceId": {
            "type": "string",
            "nullable": true,
            "metadata": {
              "description": "Optional. The Resource Id of the delegated managed identity resource."
            }
          }
        }
      },
      "nullable": true
    }
  },
  "parameters": {
    "emailServiceName": {
      "type": "string",
      "metadata": {
        "description": "Conditional. The name of the parent email service. Required if the template is used in a standalone deployment."
      }
    },
    "name": {
      "type": "string",
      "minLength": 1,
      "maxLength": 253,
      "metadata": {
        "description": "Required. Name of the domain to create."
      }
    },
    "location": {
      "type": "string",
      "defaultValue": "global",
      "metadata": {
        "description": "Optional. Location for all Resources."
      }
    },
    "tags": {
      "type": "object",
      "nullable": true,
      "metadata": {
        "description": "Optional. Endpoint tags."
      }
    },
    "domainManagement": {
      "type": "string",
      "defaultValue": "AzureManaged",
      "allowedValues": [
        "AzureManaged",
        "CustomerManaged",
        "CustomerManagedInExchangeOnline"
      ],
      "metadata": {
        "description": "Optional. Describes how the Domain resource is being managed."
      }
    },
    "userEngagementTracking": {
      "type": "string",
      "defaultValue": "Disabled",
      "allowedValues": [
        "Enabled",
        "Disabled"
      ],
      "metadata": {
        "description": "Optional. Describes whether user engagement tracking is enabled or disabled."
      }
    },
    "senderUsernames": {
      "type": "array",
      "nullable": true,
      "metadata": {
        "description": "Optional. The domains to deploy into this namespace."
      }
    },
    "lock": {
      "$ref": "#/definitions/lockType",
      "metadata": {
        "description": "Optional. The lock settings of the service."
      }
    },
    "roleAssignments": {
      "$ref": "#/definitions/roleAssignmentType",
      "metadata": {
        "description": "Optional. Array of role assignments to create."
      }
    }
  },
  "variables": {
    "copy": [
      {
        "name": "formattedRoleAssignments",
        "count": "[length(coalesce(parameters('roleAssignments'), createArray()))]",
        "input": "[union(coalesce(parameters('roleAssignments'), createArray())[copyIndex('formattedRoleAssignments')], createObject('roleDefinitionId', coalesce(tryGet(variables('builtInRoleNames'), coalesce(parameters('roleAssignments'), createArray())[copyIndex('formattedRoleAssignments')].roleDefinitionIdOrName), if(contains(coalesce(parameters('roleAssignments'), createArray())[copyIndex('formattedRoleAssignments')].roleDefinitionIdOrName, '/providers/Microsoft.Authorization/roleDefinitions/'), coalesce(parameters('roleAssignments'), createArray())[copyIndex('formattedRoleAssignments')].roleDefinitionIdOrName, subscriptionResourceId('Microsoft.Authorization/roleDefinitions', coalesce(parameters('roleAssignments'), createArray())[copyIndex('formattedRoleAssignments')].roleDefinitionIdOrName)))))]"
      }
    ],
    "builtInRoleNames": {
      "Contributor": "[subscriptionResourceId('Microsoft.Authorization/roleDefinitions', 'b24988ac-6180-42a0-ab88-20f7382dd24c')]",
      "Owner": "[subscriptionResourceId('Microsoft.Authorization/roleDefinitions', '8e3af657-a8ff-443c-a75c-2fe8c4bcb635')]",
      "Reader": "[subscriptionResourceId('Microsoft.Authorization/roleDefinitions', 'acdd72a7-3385-48ef-bd42-f606fba81ae7')]",
      "Role Based Access Control Administrator": "[subscriptionResourceId('Microsoft.Authorization/roleDefinitions', 'f58310d9-a9f6-439a-9e8d-f62e7b41a168')]",
      "User Access Administrator": "[subscriptionResourceId('Microsoft.Authorization/roleDefinitions', '18d7d88d-d35e-4fb5-a5c3-7773c20a72d9')]"
    }
  },
  "resources": {
    "emailService": {
      "existing": true,
      "type": "Microsoft.Communication/emailServices",
      "apiVersion": "2023-04-01",
      "name": "[parameters('emailServiceName')]"
    },
    "domain": {
      "type": "Microsoft.Communication/emailServices/domains",
      "apiVersion": "2023-04-01",
      "name": "[format('{0}/{1}', parameters('emailServiceName'), parameters('name'))]",
      "location": "[parameters('location')]",
      "tags": "[parameters('tags')]",
      "properties": {
        "domainManagement": "[parameters('domainManagement')]",
        "userEngagementTracking": "[parameters('userEngagementTracking')]"
      }
    },
    "domain_lock": {
      "condition": "[and(not(empty(coalesce(parameters('lock'), createObject()))), not(equals(tryGet(parameters('lock'), 'kind'), 'None')))]",
      "type": "Microsoft.Authorization/locks",
      "apiVersion": "2020-05-01",
      "scope": "[format('Microsoft.Communication/emailServices/{0}/domains/{1}', parameters('emailServiceName'), parameters('name'))]",
      "name": "[coalesce(tryGet(parameters('lock'), 'name'), format('lock-{0}', parameters('name')))]",
      "properties": {
        "level": "[coalesce(tryGet(parameters('lock'), 'kind'), '')]",
        "notes": "[if(equals(tryGet(parameters('lock'), 'kind'), 'CanNotDelete'), 'Cannot delete resource or child resources.', 'Cannot delete or modify the resource or child resources.')]"
      },
      "dependsOn": [
        "domain"
      ]
    },
    "domain_roleAssignments": {
      "copy": {
        "name": "domain_roleAssignments",
        "count": "[length(coalesce(variables('formattedRoleAssignments'), createArray()))]"
      },
      "type": "Microsoft.Authorization/roleAssignments",
      "apiVersion": "2022-04-01",
      "scope": "[format('Microsoft.Communication/emailServices/{0}/domains/{1}', parameters('emailServiceName'), parameters('name'))]",
      "name": "[coalesce(tryGet(coalesce(variables('formattedRoleAssignments'), createArray())[copyIndex()], 'name'), guid(resourceId('Microsoft.Communication/emailServices/domains', parameters('emailServiceName'), parameters('name')), coalesce(variables('formattedRoleAssignments'), createArray())[copyIndex()].principalId, coalesce(variables('formattedRoleAssignments'), createArray())[copyIndex()].roleDefinitionId))]",
      "properties": {
        "roleDefinitionId": "[coalesce(variables('formattedRoleAssignments'), createArray())[copyIndex()].roleDefinitionId]",
        "principalId": "[coalesce(variables('formattedRoleAssignments'), createArray())[copyIndex()].principalId]",
        "description": "[tryGet(coalesce(variables('formattedRoleAssignments'), createArray())[copyIndex()], 'description')]",
        "principalType": "[tryGet(coalesce(variables('formattedRoleAssignments'), createArray())[copyIndex()], 'principalType')]",
        "condition": "[tryGet(coalesce(variables('formattedRoleAssignments'), createArray())[copyIndex()], 'condition')]",
        "conditionVersion": "[if(not(empty(tryGet(coalesce(variables('formattedRoleAssignments'), createArray())[copyIndex()], 'condition'))), coalesce(tryGet(coalesce(variables('formattedRoleAssignments'), createArray())[copyIndex()], 'conditionVersion'), '2.0'), null())]",
        "delegatedManagedIdentityResourceId": "[tryGet(coalesce(variables('formattedRoleAssignments'), createArray())[copyIndex()], 'delegatedManagedIdentityResourceId')]"
      },
      "dependsOn": [
        "domain"
      ]
    },
    "domain_senderUsernames": {
      "copy": {
        "name": "domain_senderUsernames",
        "count": "[length(coalesce(parameters('senderUsernames'), createArray()))]"
      },
      "type": "Microsoft.Resources/deployments",
      "apiVersion": "2022-09-01",
      "name": "[format('{0}-domain-senderusername-{1}', uniqueString(deployment().name, parameters('location')), copyIndex())]",
      "properties": {
        "expressionEvaluationOptions": {
          "scope": "inner"
        },
        "mode": "Incremental",
        "parameters": {
          "emailServiceName": {
            "value": "[parameters('emailServiceName')]"
          },
          "domainName": {
            "value": "[parameters('name')]"
          },
          "name": {
            "value": "[coalesce(parameters('senderUsernames'), createArray())[copyIndex()].name]"
          },
          "username": {
            "value": "[coalesce(parameters('senderUsernames'), createArray())[copyIndex()].username]"
          },
          "displayName": {
            "value": "[tryGet(coalesce(parameters('senderUsernames'), createArray())[copyIndex()], 'displayName')]"
          }
        },
        "template": {
          "$schema": "https://schema.management.azure.com/schemas/2019-04-01/deploymentTemplate.json#",
          "contentVersion": "1.0.0.0",
          "metadata": {
            "_generator": {
              "name": "bicep",
              "version": "0.32.4.45862",
              "templateHash": "18024083037530918442"
            },
            "name": "Sender Usernames",
            "description": "This module deploys an Sender"
          },
          "parameters": {
            "emailServiceName": {
              "type": "string",
              "metadata": {
                "description": "Conditional. The name of the parent email service. Required if the template is used in a standalone deployment."
              }
            },
            "domainName": {
              "type": "string",
              "metadata": {
                "description": "Conditional. The name of the parent domain. Required if the template is used in a standalone deployment."
              }
            },
            "name": {
              "type": "string",
              "metadata": {
                "description": "Required. Name of the sender username resource to create."
              }
            },
            "username": {
              "type": "string",
              "metadata": {
                "description": "Required. A sender username to be used when sending emails."
              }
            },
            "displayName": {
              "type": "string",
              "defaultValue": "[parameters('username')]",
              "metadata": {
                "description": "Optional. The display name for the senderUsername."
              }
            }
          },
          "resources": [
            {
              "type": "Microsoft.Communication/emailServices/domains/senderUsernames",
              "apiVersion": "2023-04-01",
              "name": "[format('{0}/{1}/{2}', parameters('emailServiceName'), parameters('domainName'), parameters('name'))]",
              "properties": {
                "username": "[parameters('username')]",
                "displayName": "[parameters('displayName')]"
              }
            }
          ],
          "outputs": {
            "resourceId": {
              "type": "string",
              "metadata": {
                "description": "The resource ID of the sender username."
              },
              "value": "[resourceId('Microsoft.Communication/emailServices/domains/senderUsernames', parameters('emailServiceName'), parameters('domainName'), parameters('name'))]"
            },
            "name": {
              "type": "string",
              "metadata": {
                "description": "The name of the sender username."
              },
              "value": "[parameters('name')]"
            },
            "resourceGroupName": {
              "type": "string",
              "metadata": {
                "description": "The name of the resource group the sender username was created in."
              },
              "value": "[resourceGroup().name]"
            }
          }
        }
      },
      "dependsOn": [
        "domain"
      ]
    }
  },
  "outputs": {
    "name": {
      "type": "string",
      "metadata": {
        "description": "The name of the domain."
      },
      "value": "[parameters('name')]"
    },
    "resourceId": {
      "type": "string",
      "metadata": {
        "description": "The resource ID of the domain."
      },
      "value": "[resourceId('Microsoft.Communication/emailServices/domains', parameters('emailServiceName'), parameters('name'))]"
    },
    "resourceGroupName": {
      "type": "string",
      "metadata": {
        "description": "The name of the resource group the domain was created in."
      },
      "value": "[resourceGroup().name]"
    }
  }
}