{
  "$schema": "https://schema.management.azure.com/schemas/2019-04-01/deploymentTemplate.json#",
  "languageVersion": "2.0",
  "contentVersion": "1.0.0.0",
  "metadata": {
    "_generator": {
      "name": "bicep",
      "version": "0.33.93.31351",
      "templateHash": "5839327174406846672"
    },
    "name": "Azure Monitor Private Link Scopes",
    "description": "This module deploys an Azure Monitor Private Link Scope."
  },
  "definitions": {
    "privateEndpointOutputType": {
      "type": "object",
      "properties": {
        "name": {
          "type": "string",
          "metadata": {
            "description": "The name of the private endpoint."
          }
        },
        "resourceId": {
          "type": "string",
          "metadata": {
            "description": "The resource ID of the private endpoint."
          }
        },
        "groupId": {
          "type": "string",
          "nullable": true,
          "metadata": {
            "description": "The group Id for the private endpoint Group."
          }
        },
        "customDnsConfigs": {
          "type": "array",
          "items": {
            "type": "object",
            "properties": {
              "fqdn": {
                "type": "string",
                "nullable": true,
                "metadata": {
                  "description": "FQDN that resolves to private endpoint IP address."
                }
              },
              "ipAddresses": {
                "type": "array",
                "items": {
                  "type": "string"
                },
                "metadata": {
                  "description": "A list of private IP addresses of the private endpoint."
                }
              }
            }
          },
          "metadata": {
            "description": "The custom DNS configurations of the private endpoint."
          }
        },
        "networkInterfaceResourceIds": {
          "type": "array",
          "items": {
            "type": "string"
          },
          "metadata": {
            "description": "The IDs of the network interfaces associated with the private endpoint."
          }
        }
      },
      "metadata": {
        "__bicep_export!": true
      }
    },
    "scopedResourceType": {
      "type": "object",
      "properties": {
        "name": {
          "type": "string",
          "metadata": {
            "description": "Required. Name of the private link scoped resource."
          }
        },
        "linkedResourceId": {
          "type": "string",
          "metadata": {
            "description": "Required. The resource ID of the scoped Azure monitor resource."
          }
        }
      },
      "metadata": {
        "__bicep_export!": true,
        "description": "The scoped resource type."
      }
    },
    "accessModeType": {
      "type": "object",
      "properties": {
        "exclusions": {
          "type": "array",
          "items": {
            "type": "object",
            "properties": {
              "privateEndpointConnectionName": {
                "type": "string",
                "metadata": {
                  "description": "Required. The private endpoint connection name associated to the private endpoint on which we want to apply the specific access mode settings."
                }
              },
              "ingestionAccessMode": {
                "type": "string",
                "allowedValues": [
                  "Open",
                  "PrivateOnly"
                ],
                "metadata": {
                  "description": "Required. Specifies the access mode of ingestion through the specified private endpoint connection in the exclusion."
                }
              },
              "queryAccessMode": {
                "type": "string",
                "allowedValues": [
                  "Open",
                  "PrivateOnly"
                ],
                "metadata": {
                  "description": "Required. Specifies the access mode of queries through the specified private endpoint connection in the exclusion."
                }
              }
            }
          },
          "nullable": true,
          "metadata": {
            "description": "Optional. List of exclusions that override the default access mode settings for specific private endpoint connections. Exclusions for the current created Private endpoints can only be applied post initial provisioning."
          }
        },
        "ingestionAccessMode": {
          "type": "string",
          "allowedValues": [
            "Open",
            "PrivateOnly"
          ],
          "nullable": true,
          "metadata": {
            "description": "Optional. Specifies the default access mode of ingestion through associated private endpoints in scope. Default is \"Open\" if no private endpoints are configured and will be set to \"PrivateOnly\" if private endpoints are configured. Override default behaviour by explicitly providing a value."
          }
        },
        "queryAccessMode": {
          "type": "string",
          "allowedValues": [
            "Open",
            "PrivateOnly"
          ],
          "nullable": true,
          "metadata": {
            "description": "Optional. Specifies the default access mode of queries through associated private endpoints in scope. Default is \"Open\" if no private endpoints are configured and will be set to \"PrivateOnly\" if private endpoints are configured. Override default behaviour by explicitly providing a value."
          }
        }
      },
      "metadata": {
        "__bicep_export!": true,
        "description": "The access mode type."
      }
    },
    "_1.privateEndpointCustomDnsConfigType": {
      "type": "object",
      "properties": {
        "fqdn": {
          "type": "string",
          "nullable": true,
          "metadata": {
            "description": "Optional. FQDN that resolves to private endpoint IP address."
          }
        },
        "ipAddresses": {
          "type": "array",
          "items": {
            "type": "string"
          },
          "metadata": {
            "description": "Required. A list of private IP addresses of the private endpoint."
          }
        }
      },
      "metadata": {
        "__bicep_imported_from!": {
          "sourceTemplate": "br:mcr.microsoft.com/bicep/avm/utl/types/avm-common-types:0.5.1"
        }
      }
    },
    "_1.privateEndpointIpConfigurationType": {
      "type": "object",
      "properties": {
        "name": {
          "type": "string",
          "metadata": {
            "description": "Required. The name of the resource that is unique within a resource group."
          }
        },
        "properties": {
          "type": "object",
          "properties": {
            "groupId": {
              "type": "string",
              "metadata": {
                "description": "Required. The ID of a group obtained from the remote resource that this private endpoint should connect to."
              }
            },
            "memberName": {
              "type": "string",
              "metadata": {
                "description": "Required. The member name of a group obtained from the remote resource that this private endpoint should connect to."
              }
            },
            "privateIPAddress": {
              "type": "string",
              "metadata": {
                "description": "Required. A private IP address obtained from the private endpoint's subnet."
              }
            }
          },
          "metadata": {
            "description": "Required. Properties of private endpoint IP configurations."
          }
        }
      },
      "metadata": {
        "__bicep_imported_from!": {
          "sourceTemplate": "br:mcr.microsoft.com/bicep/avm/utl/types/avm-common-types:0.5.1"
        }
      }
    },
    "_1.privateEndpointPrivateDnsZoneGroupType": {
      "type": "object",
      "properties": {
        "name": {
          "type": "string",
          "nullable": true,
          "metadata": {
            "description": "Optional. The name of the Private DNS Zone Group."
          }
        },
        "privateDnsZoneGroupConfigs": {
          "type": "array",
          "items": {
            "type": "object",
            "properties": {
              "name": {
                "type": "string",
                "nullable": true,
                "metadata": {
                  "description": "Optional. The name of the private DNS Zone Group config."
                }
              },
              "privateDnsZoneResourceId": {
                "type": "string",
                "metadata": {
                  "description": "Required. The resource id of the private DNS zone."
                }
              }
            }
          },
          "metadata": {
            "description": "Required. The private DNS Zone Groups to associate the Private Endpoint. A DNS Zone Group can support up to 5 DNS zones."
          }
        }
      },
      "metadata": {
        "__bicep_imported_from!": {
          "sourceTemplate": "br:mcr.microsoft.com/bicep/avm/utl/types/avm-common-types:0.5.1"
        }
      }
    },
    "lockType": {
      "type": "object",
      "properties": {
        "name": {
          "type": "string",
          "nullable": true,
          "metadata": {
            "description": "Optional. Specify the name of lock."
          }
        },
        "kind": {
          "type": "string",
          "allowedValues": [
            "CanNotDelete",
            "None",
            "ReadOnly"
          ],
          "nullable": true,
          "metadata": {
            "description": "Optional. Specify the type of lock."
          }
        }
      },
      "metadata": {
        "description": "An AVM-aligned type for a lock.",
        "__bicep_imported_from!": {
          "sourceTemplate": "br:mcr.microsoft.com/bicep/avm/utl/types/avm-common-types:0.5.1"
        }
      }
    },
    "privateEndpointSingleServiceType": {
      "type": "object",
      "properties": {
        "name": {
          "type": "string",
          "nullable": true,
          "metadata": {
            "description": "Optional. The name of the Private Endpoint."
          }
        },
        "location": {
          "type": "string",
          "nullable": true,
          "metadata": {
            "description": "Optional. The location to deploy the Private Endpoint to."
          }
        },
        "privateLinkServiceConnectionName": {
          "type": "string",
          "nullable": true,
          "metadata": {
            "description": "Optional. The name of the private link connection to create."
          }
        },
        "service": {
          "type": "string",
          "nullable": true,
          "metadata": {
            "description": "Optional. The subresource to deploy the Private Endpoint for. For example \"vault\" for a Key Vault Private Endpoint."
          }
        },
        "subnetResourceId": {
          "type": "string",
          "metadata": {
            "description": "Required. Resource ID of the subnet where the endpoint needs to be created."
          }
        },
        "resourceGroupResourceId": {
          "type": "string",
          "nullable": true,
          "metadata": {
            "description": "Optional. The resource ID of the Resource Group the Private Endpoint will be created in. If not specified, the Resource Group of the provided Virtual Network Subnet is used."
          }
        },
        "privateDnsZoneGroup": {
          "$ref": "#/definitions/_1.privateEndpointPrivateDnsZoneGroupType",
          "nullable": true,
          "metadata": {
            "description": "Optional. The private DNS Zone Group to configure for the Private Endpoint."
          }
        },
        "isManualConnection": {
          "type": "bool",
          "nullable": true,
          "metadata": {
            "description": "Optional. If Manual Private Link Connection is required."
          }
        },
        "manualConnectionRequestMessage": {
          "type": "string",
          "nullable": true,
          "maxLength": 140,
          "metadata": {
            "description": "Optional. A message passed to the owner of the remote resource with the manual connection request."
          }
        },
        "customDnsConfigs": {
          "type": "array",
          "items": {
            "$ref": "#/definitions/_1.privateEndpointCustomDnsConfigType"
          },
          "nullable": true,
          "metadata": {
            "description": "Optional. Custom DNS configurations."
          }
        },
        "ipConfigurations": {
          "type": "array",
          "items": {
            "$ref": "#/definitions/_1.privateEndpointIpConfigurationType"
          },
          "nullable": true,
          "metadata": {
            "description": "Optional. A list of IP configurations of the Private Endpoint. This will be used to map to the first-party Service endpoints."
          }
        },
        "applicationSecurityGroupResourceIds": {
          "type": "array",
          "items": {
            "type": "string"
          },
          "nullable": true,
          "metadata": {
            "description": "Optional. Application security groups in which the Private Endpoint IP configuration is included."
          }
        },
        "customNetworkInterfaceName": {
          "type": "string",
          "nullable": true,
          "metadata": {
            "description": "Optional. The custom name of the network interface attached to the Private Endpoint."
          }
        },
        "lock": {
          "$ref": "#/definitions/lockType",
          "nullable": true,
          "metadata": {
            "description": "Optional. Specify the type of lock."
          }
        },
        "roleAssignments": {
          "type": "array",
          "items": {
            "$ref": "#/definitions/roleAssignmentType"
          },
          "nullable": true,
          "metadata": {
            "description": "Optional. Array of role assignments to create."
          }
        },
        "tags": {
          "type": "object",
          "nullable": true,
          "metadata": {
            "description": "Optional. Tags to be applied on all resources/Resource Groups in this deployment."
          }
        },
        "enableTelemetry": {
          "type": "bool",
          "nullable": true,
          "metadata": {
            "description": "Optional. Enable/Disable usage telemetry for module."
          }
        }
      },
      "metadata": {
        "description": "An AVM-aligned type for a private endpoint. To be used if the private endpoint's default service / groupId can be assumed (i.e., for services that only have one Private Endpoint type like 'vault' for key vault).",
        "__bicep_imported_from!": {
          "sourceTemplate": "br:mcr.microsoft.com/bicep/avm/utl/types/avm-common-types:0.5.1"
        }
      }
    },
    "roleAssignmentType": {
      "type": "object",
      "properties": {
        "name": {
          "type": "string",
          "nullable": true,
          "metadata": {
            "description": "Optional. The name (as GUID) of the role assignment. If not provided, a GUID will be generated."
          }
        },
        "roleDefinitionIdOrName": {
          "type": "string",
          "metadata": {
            "description": "Required. The role to assign. You can provide either the display name of the role definition, the role definition GUID, or its fully qualified ID in the following format: '/providers/Microsoft.Authorization/roleDefinitions/c2f4ef07-c644-48eb-af81-4b1b4947fb11'."
          }
        },
        "principalId": {
          "type": "string",
          "metadata": {
            "description": "Required. The principal ID of the principal (user/group/identity) to assign the role to."
          }
        },
        "principalType": {
          "type": "string",
          "allowedValues": [
            "Device",
            "ForeignGroup",
            "Group",
            "ServicePrincipal",
            "User"
          ],
          "nullable": true,
          "metadata": {
            "description": "Optional. The principal type of the assigned principal ID."
          }
        },
        "description": {
          "type": "string",
          "nullable": true,
          "metadata": {
            "description": "Optional. The description of the role assignment."
          }
        },
        "condition": {
          "type": "string",
          "nullable": true,
          "metadata": {
            "description": "Optional. The conditions on the role assignment. This limits the resources it can be assigned to. e.g.: @Resource[Microsoft.Storage/storageAccounts/blobServices/containers:ContainerName] StringEqualsIgnoreCase \"foo_storage_container\"."
          }
        },
        "conditionVersion": {
          "type": "string",
          "allowedValues": [
            "2.0"
          ],
          "nullable": true,
          "metadata": {
            "description": "Optional. Version of the condition."
          }
        },
        "delegatedManagedIdentityResourceId": {
          "type": "string",
          "nullable": true,
          "metadata": {
            "description": "Optional. The Resource Id of the delegated managed identity resource."
          }
        }
      },
      "metadata": {
        "description": "An AVM-aligned type for a role assignment.",
        "__bicep_imported_from!": {
          "sourceTemplate": "br:mcr.microsoft.com/bicep/avm/utl/types/avm-common-types:0.5.1"
        }
      }
    }
  },
  "parameters": {
    "name": {
      "type": "string",
      "minLength": 1,
      "metadata": {
        "description": "Required. Name of the private link scope."
      }
    },
    "accessModeSettings": {
      "$ref": "#/definitions/accessModeType",
      "nullable": true,
      "metadata": {
        "description": "Optional. Specifies the access mode of ingestion or queries through associated private endpoints in scope. For security reasons, it is recommended to use PrivateOnly whenever possible to avoid data exfiltration.\n\n* Private Only - This mode allows the connected virtual network to reach only Private Link resources. It is the most secure mode and is set as the default when the `privateEndpoints` parameter is configured.\n* Open - Allows the connected virtual network to reach both Private Link resources and the resources not in the AMPLS resource. Data exfiltration cannot be prevented in this mode."
      }
    },
    "location": {
      "type": "string",
      "defaultValue": "global",
      "metadata": {
        "description": "Optional. The location of the private link scope. Should be global."
      }
    },
    "lock": {
      "$ref": "#/definitions/lockType",
      "nullable": true,
      "metadata": {
        "description": "Optional. The lock settings of the service."
      }
    },
    "roleAssignments": {
      "type": "array",
      "items": {
        "$ref": "#/definitions/roleAssignmentType"
      },
      "nullable": true,
      "metadata": {
        "description": "Optional. Array of role assignments to create."
      }
    },
    "scopedResources": {
      "type": "array",
      "items": {
        "$ref": "#/definitions/scopedResourceType"
      },
      "nullable": true,
      "metadata": {
        "description": "Optional. Configuration details for Azure Monitor Resources."
      }
    },
    "privateEndpoints": {
      "type": "array",
      "items": {
        "$ref": "#/definitions/privateEndpointSingleServiceType"
      },
      "nullable": true,
      "metadata": {
        "description": "Optional. Configuration details for private endpoints. For security reasons, it is recommended to use private endpoints whenever possible."
      }
    },
    "tags": {
      "type": "object",
      "nullable": true,
      "metadata": {
        "description": "Optional. Resource tags."
      }
    },
    "enableTelemetry": {
      "type": "bool",
      "defaultValue": true,
      "metadata": {
        "description": "Optional. Enable/Disable usage telemetry for module."
      }
    }
  },
  "variables": {
    "copy": [
      {
        "name": "formattedRoleAssignments",
        "count": "[length(coalesce(parameters('roleAssignments'), createArray()))]",
        "input": "[union(coalesce(parameters('roleAssignments'), createArray())[copyIndex('formattedRoleAssignments')], createObject('roleDefinitionId', coalesce(tryGet(variables('builtInRoleNames'), coalesce(parameters('roleAssignments'), createArray())[copyIndex('formattedRoleAssignments')].roleDefinitionIdOrName), if(contains(coalesce(parameters('roleAssignments'), createArray())[copyIndex('formattedRoleAssignments')].roleDefinitionIdOrName, '/providers/Microsoft.Authorization/roleDefinitions/'), coalesce(parameters('roleAssignments'), createArray())[copyIndex('formattedRoleAssignments')].roleDefinitionIdOrName, subscriptionResourceId('Microsoft.Authorization/roleDefinitions', coalesce(parameters('roleAssignments'), createArray())[copyIndex('formattedRoleAssignments')].roleDefinitionIdOrName)))))]"
      }
    ],
    "enableReferencedModulesTelemetry": false,
    "builtInRoleNames": {
      "Contributor": "[subscriptionResourceId('Microsoft.Authorization/roleDefinitions', 'b24988ac-6180-42a0-ab88-20f7382dd24c')]",
      "Log Analytics Contributor": "[subscriptionResourceId('Microsoft.Authorization/roleDefinitions', '92aaf0da-9dab-42b6-94a3-d43ce8d16293')]",
      "Log Analytics Reader": "[subscriptionResourceId('Microsoft.Authorization/roleDefinitions', '73c42c96-874c-492b-b04d-ab87d138a893')]",
      "Logic App Contributor": "[subscriptionResourceId('Microsoft.Authorization/roleDefinitions', '87a39d53-fc1b-424a-814c-f7e04687dc9e')]",
      "Monitoring Contributor": "[subscriptionResourceId('Microsoft.Authorization/roleDefinitions', '749f88d5-cbae-40b8-bcfc-e573ddc772fa')]",
      "Monitoring Metrics Publisher": "[subscriptionResourceId('Microsoft.Authorization/roleDefinitions', '3913510d-42f4-4e42-8a64-420c390055eb')]",
      "Monitoring Reader": "[subscriptionResourceId('Microsoft.Authorization/roleDefinitions', '43d0d8ad-25c7-4714-9337-8ba259a9fe05')]",
      "Network Contributor": "[subscriptionResourceId('Microsoft.Authorization/roleDefinitions', '4d97b98b-1d4f-4787-a291-c67834d212e7')]",
      "Owner": "[subscriptionResourceId('Microsoft.Authorization/roleDefinitions', '8e3af657-a8ff-443c-a75c-2fe8c4bcb635')]",
      "Private DNS Zone Contributor": "[subscriptionResourceId('Microsoft.Authorization/roleDefinitions', 'b12aa53e-6015-4669-85d0-8515ebb3ae7f')]",
      "Reader": "[subscriptionResourceId('Microsoft.Authorization/roleDefinitions', 'acdd72a7-3385-48ef-bd42-f606fba81ae7')]",
      "Role Based Access Control Administrator": "[subscriptionResourceId('Microsoft.Authorization/roleDefinitions', 'f58310d9-a9f6-439a-9e8d-f62e7b41a168')]",
      "Tag Contributor": "[subscriptionResourceId('Microsoft.Authorization/roleDefinitions', '4a9ae827-6dc8-4573-8ac7-8239d42aa03f')]",
      "User Access Administrator": "[subscriptionResourceId('Microsoft.Authorization/roleDefinitions', '18d7d88d-d35e-4fb5-a5c3-7773c20a72d9')]"
    }
  },
  "resources": {
    "avmTelemetry": {
      "condition": "[parameters('enableTelemetry')]",
      "type": "Microsoft.Resources/deployments",
      "apiVersion": "2024-03-01",
      "name": "[format('46d3xbcp.res.insights-privatelinkscope.{0}.{1}', replace('-..--..-', '.', '-'), substring(uniqueString(deployment().name, parameters('location')), 0, 4))]",
      "properties": {
        "mode": "Incremental",
        "template": {
          "$schema": "https://schema.management.azure.com/schemas/2019-04-01/deploymentTemplate.json#",
          "contentVersion": "1.0.0.0",
          "resources": [],
          "outputs": {
            "telemetry": {
              "type": "String",
              "value": "For more information, see https://aka.ms/avm/TelemetryInfo"
            }
          }
        }
      }
    },
    "privateLinkScope": {
      "type": "microsoft.insights/privateLinkScopes",
      "apiVersion": "2021-07-01-preview",
      "name": "[parameters('name')]",
      "location": "[parameters('location')]",
      "tags": "[parameters('tags')]",
      "properties": {
        "accessModeSettings": "[coalesce(parameters('accessModeSettings'), if(not(empty(parameters('privateEndpoints'))), createObject('ingestionAccessMode', 'PrivateOnly', 'queryAccessMode', 'PrivateOnly'), createObject('ingestionAccessMode', 'Open', 'queryAccessMode', 'Open')))]"
      }
    },
    "privateLinkScope_lock": {
      "condition": "[and(not(empty(coalesce(parameters('lock'), createObject()))), not(equals(tryGet(parameters('lock'), 'kind'), 'None')))]",
      "type": "Microsoft.Authorization/locks",
      "apiVersion": "2020-05-01",
      "scope": "[format('microsoft.insights/privateLinkScopes/{0}', parameters('name'))]",
      "name": "[coalesce(tryGet(parameters('lock'), 'name'), format('lock-{0}', parameters('name')))]",
      "properties": {
        "level": "[coalesce(tryGet(parameters('lock'), 'kind'), '')]",
        "notes": "[if(equals(tryGet(parameters('lock'), 'kind'), 'CanNotDelete'), 'Cannot delete resource or child resources.', 'Cannot delete or modify the resource or child resources.')]"
      },
      "dependsOn": [
        "privateLinkScope"
      ]
    },
    "privateLinkScope_roleAssignments": {
      "copy": {
        "name": "privateLinkScope_roleAssignments",
        "count": "[length(coalesce(variables('formattedRoleAssignments'), createArray()))]"
      },
      "type": "Microsoft.Authorization/roleAssignments",
      "apiVersion": "2022-04-01",
      "scope": "[format('microsoft.insights/privateLinkScopes/{0}', parameters('name'))]",
      "name": "[coalesce(tryGet(coalesce(variables('formattedRoleAssignments'), createArray())[copyIndex()], 'name'), guid(resourceId('microsoft.insights/privateLinkScopes', parameters('name')), coalesce(variables('formattedRoleAssignments'), createArray())[copyIndex()].principalId, coalesce(variables('formattedRoleAssignments'), createArray())[copyIndex()].roleDefinitionId))]",
      "properties": {
        "roleDefinitionId": "[coalesce(variables('formattedRoleAssignments'), createArray())[copyIndex()].roleDefinitionId]",
        "principalId": "[coalesce(variables('formattedRoleAssignments'), createArray())[copyIndex()].principalId]",
        "description": "[tryGet(coalesce(variables('formattedRoleAssignments'), createArray())[copyIndex()], 'description')]",
        "principalType": "[tryGet(coalesce(variables('formattedRoleAssignments'), createArray())[copyIndex()], 'principalType')]",
        "condition": "[tryGet(coalesce(variables('formattedRoleAssignments'), createArray())[copyIndex()], 'condition')]",
        "conditionVersion": "[if(not(empty(tryGet(coalesce(variables('formattedRoleAssignments'), createArray())[copyIndex()], 'condition'))), coalesce(tryGet(coalesce(variables('formattedRoleAssignments'), createArray())[copyIndex()], 'conditionVersion'), '2.0'), null())]",
        "delegatedManagedIdentityResourceId": "[tryGet(coalesce(variables('formattedRoleAssignments'), createArray())[copyIndex()], 'delegatedManagedIdentityResourceId')]"
      },
      "dependsOn": [
        "privateLinkScope"
      ]
    },
    "privateLinkScope_scopedResource": {
      "copy": {
        "name": "privateLinkScope_scopedResource",
        "count": "[length(coalesce(parameters('scopedResources'), createArray()))]"
      },
      "type": "Microsoft.Resources/deployments",
      "apiVersion": "2022-09-01",
      "name": "[format('{0}-PrivateLinkScope-ScopedResource-{1}', uniqueString(deployment().name, parameters('location')), copyIndex())]",
      "properties": {
        "expressionEvaluationOptions": {
          "scope": "inner"
        },
        "mode": "Incremental",
        "parameters": {
          "name": {
            "value": "[coalesce(parameters('scopedResources'), createArray())[copyIndex()].name]"
          },
          "privateLinkScopeName": {
            "value": "[parameters('name')]"
          },
          "linkedResourceId": {
            "value": "[coalesce(parameters('scopedResources'), createArray())[copyIndex()].linkedResourceId]"
          }
        },
        "template": {
          "$schema": "https://schema.management.azure.com/schemas/2019-04-01/deploymentTemplate.json#",
          "contentVersion": "1.0.0.0",
          "metadata": {
            "_generator": {
              "name": "bicep",
              "version": "0.33.93.31351",
              "templateHash": "18319290317274254807"
            },
            "name": "Private Link Scope Scoped Resources",
            "description": "This module deploys a Private Link Scope Scoped Resource."
          },
          "parameters": {
            "name": {
              "type": "string",
              "minLength": 1,
              "metadata": {
                "description": "Required. Name of the private link scoped resource."
              }
            },
            "privateLinkScopeName": {
              "type": "string",
              "minLength": 1,
              "metadata": {
                "description": "Conditional. The name of the parent private link scope. Required if the template is used in a standalone deployment."
              }
            },
            "linkedResourceId": {
              "type": "string",
              "metadata": {
                "description": "Required. The resource ID of the scoped Azure monitor resource."
              }
            }
          },
          "resources": [
            {
              "type": "Microsoft.Insights/privateLinkScopes/scopedResources",
              "apiVersion": "2021-07-01-preview",
              "name": "[format('{0}/{1}', parameters('privateLinkScopeName'), parameters('name'))]",
              "properties": {
                "linkedResourceId": "[parameters('linkedResourceId')]"
              }
            }
          ],
          "outputs": {
            "resourceGroupName": {
              "type": "string",
              "metadata": {
                "description": "The name of the resource group where the resource has been deployed."
              },
              "value": "[resourceGroup().name]"
            },
            "resourceId": {
              "type": "string",
              "metadata": {
                "description": "The resource ID of the deployed scopedResource."
              },
              "value": "[resourceId('Microsoft.Insights/privateLinkScopes/scopedResources', parameters('privateLinkScopeName'), parameters('name'))]"
            },
            "name": {
              "type": "string",
              "metadata": {
                "description": "The full name of the deployed Scoped Resource."
              },
              "value": "[parameters('name')]"
            }
          }
        }
      },
      "dependsOn": [
        "privateLinkScope"
      ]
    },
    "privateLinkScope_privateEndpoints": {
      "copy": {
        "name": "privateLinkScope_privateEndpoints",
        "count": "[length(coalesce(parameters('privateEndpoints'), createArray()))]"
      },
      "type": "Microsoft.Resources/deployments",
      "apiVersion": "2022-09-01",
      "name": "[format('{0}-privateLinkScope-PrivateEndpoint-{1}', uniqueString(deployment().name, parameters('location')), copyIndex())]",
      "subscriptionId": "[split(coalesce(tryGet(coalesce(parameters('privateEndpoints'), createArray())[copyIndex()], 'resourceGroupResourceId'), resourceGroup().id), '/')[2]]",
      "resourceGroup": "[split(coalesce(tryGet(coalesce(parameters('privateEndpoints'), createArray())[copyIndex()], 'resourceGroupResourceId'), resourceGroup().id), '/')[4]]",
      "properties": {
        "expressionEvaluationOptions": {
          "scope": "inner"
        },
        "mode": "Incremental",
        "parameters": {
          "name": {
            "value": "[coalesce(tryGet(coalesce(parameters('privateEndpoints'), createArray())[copyIndex()], 'name'), format('pep-{0}-{1}-{2}', last(split(resourceId('microsoft.insights/privateLinkScopes', parameters('name')), '/')), coalesce(tryGet(coalesce(parameters('privateEndpoints'), createArray())[copyIndex()], 'service'), 'azuremonitor'), copyIndex()))]"
          },
          "privateLinkServiceConnections": "[if(not(equals(tryGet(coalesce(parameters('privateEndpoints'), createArray())[copyIndex()], 'isManualConnection'), true())), createObject('value', createArray(createObject('name', coalesce(tryGet(coalesce(parameters('privateEndpoints'), createArray())[copyIndex()], 'privateLinkServiceConnectionName'), format('{0}-{1}-{2}', last(split(resourceId('microsoft.insights/privateLinkScopes', parameters('name')), '/')), coalesce(tryGet(coalesce(parameters('privateEndpoints'), createArray())[copyIndex()], 'service'), 'azuremonitor'), copyIndex())), 'properties', createObject('privateLinkServiceId', resourceId('microsoft.insights/privateLinkScopes', parameters('name')), 'groupIds', createArray(coalesce(tryGet(coalesce(parameters('privateEndpoints'), createArray())[copyIndex()], 'service'), 'azuremonitor')))))), createObject('value', null()))]",
          "manualPrivateLinkServiceConnections": "[if(equals(tryGet(coalesce(parameters('privateEndpoints'), createArray())[copyIndex()], 'isManualConnection'), true()), createObject('value', createArray(createObject('name', coalesce(tryGet(coalesce(parameters('privateEndpoints'), createArray())[copyIndex()], 'privateLinkServiceConnectionName'), format('{0}-{1}-{2}', last(split(resourceId('microsoft.insights/privateLinkScopes', parameters('name')), '/')), coalesce(tryGet(coalesce(parameters('privateEndpoints'), createArray())[copyIndex()], 'service'), 'azuremonitor'), copyIndex())), 'properties', createObject('privateLinkServiceId', resourceId('microsoft.insights/privateLinkScopes', parameters('name')), 'groupIds', createArray(coalesce(tryGet(coalesce(parameters('privateEndpoints'), createArray())[copyIndex()], 'service'), 'azuremonitor')), 'requestMessage', coalesce(tryGet(coalesce(parameters('privateEndpoints'), createArray())[copyIndex()], 'manualConnectionRequestMessage'), 'Manual approval required.'))))), createObject('value', null()))]",
          "subnetResourceId": {
            "value": "[coalesce(parameters('privateEndpoints'), createArray())[copyIndex()].subnetResourceId]"
          },
          "enableTelemetry": {
            "value": "[variables('enableReferencedModulesTelemetry')]"
          },
          "location": {
            "value": "[coalesce(tryGet(coalesce(parameters('privateEndpoints'), createArray())[copyIndex()], 'location'), reference(split(coalesce(parameters('privateEndpoints'), createArray())[copyIndex()].subnetResourceId, '/subnets/')[0], '2020-06-01', 'Full').location)]"
          },
          "lock": {
            "value": "[coalesce(tryGet(coalesce(parameters('privateEndpoints'), createArray())[copyIndex()], 'lock'), parameters('lock'))]"
          },
          "privateDnsZoneGroup": {
            "value": "[tryGet(coalesce(parameters('privateEndpoints'), createArray())[copyIndex()], 'privateDnsZoneGroup')]"
          },
          "roleAssignments": {
            "value": "[tryGet(coalesce(parameters('privateEndpoints'), createArray())[copyIndex()], 'roleAssignments')]"
          },
          "tags": {
            "value": "[coalesce(tryGet(coalesce(parameters('privateEndpoints'), createArray())[copyIndex()], 'tags'), parameters('tags'))]"
          },
          "customDnsConfigs": {
            "value": "[tryGet(coalesce(parameters('privateEndpoints'), createArray())[copyIndex()], 'customDnsConfigs')]"
          },
          "ipConfigurations": {
            "value": "[tryGet(coalesce(parameters('privateEndpoints'), createArray())[copyIndex()], 'ipConfigurations')]"
          },
          "applicationSecurityGroupResourceIds": {
            "value": "[tryGet(coalesce(parameters('privateEndpoints'), createArray())[copyIndex()], 'applicationSecurityGroupResourceIds')]"
          },
          "customNetworkInterfaceName": {
            "value": "[tryGet(coalesce(parameters('privateEndpoints'), createArray())[copyIndex()], 'customNetworkInterfaceName')]"
          }
        },
        "template": {
          "$schema": "https://schema.management.azure.com/schemas/2019-04-01/deploymentTemplate.json#",
          "languageVersion": "2.0",
          "contentVersion": "1.0.0.0",
          "metadata": {
            "_generator": {
              "name": "bicep",
              "version": "0.33.13.18514",
              "templateHash": "15954548978129725136"
            },
            "name": "Private Endpoints",
            "description": "This module deploys a Private Endpoint."
          },
          "definitions": {
            "privateDnsZoneGroupType": {
              "type": "object",
              "properties": {
                "name": {
                  "type": "string",
                  "nullable": true,
                  "metadata": {
                    "description": "Optional. The name of the Private DNS Zone Group."
                  }
                },
                "privateDnsZoneGroupConfigs": {
                  "type": "array",
                  "items": {
                    "$ref": "#/definitions/privateDnsZoneGroupConfigType"
                  },
                  "metadata": {
                    "description": "Required. The private DNS zone groups to associate the private endpoint. A DNS zone group can support up to 5 DNS zones."
                  }
                }
              },
              "metadata": {
                "__bicep_export!": true
              }
            },
            "ipConfigurationType": {
              "type": "object",
              "properties": {
                "name": {
                  "type": "string",
                  "metadata": {
                    "description": "Required. The name of the resource that is unique within a resource group."
                  }
                },
                "properties": {
                  "type": "object",
                  "properties": {
                    "groupId": {
                      "type": "string",
                      "metadata": {
                        "description": "Required. The ID of a group obtained from the remote resource that this private endpoint should connect to. If used with private link service connection, this property must be defined as empty string."
                      }
                    },
                    "memberName": {
                      "type": "string",
                      "metadata": {
                        "description": "Required. The member name of a group obtained from the remote resource that this private endpoint should connect to. If used with private link service connection, this property must be defined as empty string."
                      }
                    },
                    "privateIPAddress": {
                      "type": "string",
                      "metadata": {
                        "description": "Required. A private IP address obtained from the private endpoint's subnet."
                      }
                    }
                  },
                  "metadata": {
                    "description": "Required. Properties of private endpoint IP configurations."
                  }
                }
              },
              "metadata": {
                "__bicep_export!": true
              }
            },
            "privateLinkServiceConnectionType": {
              "type": "object",
              "properties": {
                "name": {
                  "type": "string",
                  "metadata": {
                    "description": "Required. The name of the private link service connection."
                  }
                },
                "properties": {
                  "type": "object",
                  "properties": {
                    "groupIds": {
                      "type": "array",
                      "items": {
                        "type": "string"
                      },
                      "metadata": {
                        "description": "Required. The ID of a group obtained from the remote resource that this private endpoint should connect to. If used with private link service connection, this property must be defined as empty string array `[]`."
                      }
                    },
                    "privateLinkServiceId": {
                      "type": "string",
                      "metadata": {
                        "description": "Required. The resource id of private link service."
                      }
                    },
                    "requestMessage": {
                      "type": "string",
                      "nullable": true,
                      "metadata": {
                        "description": "Optional. A message passed to the owner of the remote resource with this connection request. Restricted to 140 chars."
                      }
                    }
                  },
                  "metadata": {
                    "description": "Required. Properties of private link service connection."
                  }
                }
              },
              "metadata": {
                "__bicep_export!": true
              }
            },
            "customDnsConfigType": {
              "type": "object",
              "properties": {
                "fqdn": {
                  "type": "string",
                  "nullable": true,
                  "metadata": {
                    "description": "Optional. FQDN that resolves to private endpoint IP address."
                  }
                },
                "ipAddresses": {
                  "type": "array",
                  "items": {
                    "type": "string"
                  },
                  "metadata": {
                    "description": "Required. A list of private IP addresses of the private endpoint."
                  }
                }
              },
              "metadata": {
                "__bicep_export!": true
              }
            },
            "lockType": {
              "type": "object",
              "properties": {
                "name": {
                  "type": "string",
                  "nullable": true,
                  "metadata": {
                    "description": "Optional. Specify the name of lock."
                  }
                },
                "kind": {
                  "type": "string",
                  "allowedValues": [
                    "CanNotDelete",
                    "None",
                    "ReadOnly"
                  ],
                  "nullable": true,
                  "metadata": {
                    "description": "Optional. Specify the type of lock."
                  }
                }
              },
              "metadata": {
                "description": "An AVM-aligned type for a lock.",
                "__bicep_imported_from!": {
                  "sourceTemplate": "br:mcr.microsoft.com/bicep/avm/utl/types/avm-common-types:0.5.1"
                }
              }
            },
            "privateDnsZoneGroupConfigType": {
              "type": "object",
              "properties": {
                "name": {
                  "type": "string",
                  "nullable": true,
                  "metadata": {
                    "description": "Optional. The name of the private DNS zone group config."
                  }
                },
                "privateDnsZoneResourceId": {
                  "type": "string",
                  "metadata": {
                    "description": "Required. The resource id of the private DNS zone."
                  }
                }
              },
              "metadata": {
                "__bicep_imported_from!": {
                  "sourceTemplate": "private-dns-zone-group/main.bicep"
                }
              }
            },
            "roleAssignmentType": {
              "type": "object",
              "properties": {
                "name": {
                  "type": "string",
                  "nullable": true,
                  "metadata": {
                    "description": "Optional. The name (as GUID) of the role assignment. If not provided, a GUID will be generated."
                  }
                },
                "roleDefinitionIdOrName": {
                  "type": "string",
                  "metadata": {
                    "description": "Required. The role to assign. You can provide either the display name of the role definition, the role definition GUID, or its fully qualified ID in the following format: '/providers/Microsoft.Authorization/roleDefinitions/c2f4ef07-c644-48eb-af81-4b1b4947fb11'."
                  }
                },
                "principalId": {
                  "type": "string",
                  "metadata": {
                    "description": "Required. The principal ID of the principal (user/group/identity) to assign the role to."
                  }
                },
                "principalType": {
                  "type": "string",
                  "allowedValues": [
                    "Device",
                    "ForeignGroup",
                    "Group",
                    "ServicePrincipal",
                    "User"
                  ],
                  "nullable": true,
                  "metadata": {
                    "description": "Optional. The principal type of the assigned principal ID."
                  }
                },
                "description": {
                  "type": "string",
                  "nullable": true,
                  "metadata": {
                    "description": "Optional. The description of the role assignment."
                  }
                },
                "condition": {
                  "type": "string",
                  "nullable": true,
                  "metadata": {
                    "description": "Optional. The conditions on the role assignment. This limits the resources it can be assigned to. e.g.: @Resource[Microsoft.Storage/storageAccounts/blobServices/containers:ContainerName] StringEqualsIgnoreCase \"foo_storage_container\"."
                  }
                },
                "conditionVersion": {
                  "type": "string",
                  "allowedValues": [
                    "2.0"
                  ],
                  "nullable": true,
                  "metadata": {
                    "description": "Optional. Version of the condition."
                  }
                },
                "delegatedManagedIdentityResourceId": {
                  "type": "string",
                  "nullable": true,
                  "metadata": {
                    "description": "Optional. The Resource Id of the delegated managed identity resource."
                  }
                }
              },
              "metadata": {
                "description": "An AVM-aligned type for a role assignment.",
                "__bicep_imported_from!": {
                  "sourceTemplate": "br:mcr.microsoft.com/bicep/avm/utl/types/avm-common-types:0.5.1"
                }
              }
            }
          },
          "parameters": {
            "name": {
              "type": "string",
              "metadata": {
                "description": "Required. Name of the private endpoint resource to create."
              }
            },
            "subnetResourceId": {
              "type": "string",
              "metadata": {
                "description": "Required. Resource ID of the subnet where the endpoint needs to be created."
              }
            },
            "applicationSecurityGroupResourceIds": {
              "type": "array",
              "items": {
                "type": "string"
              },
              "nullable": true,
              "metadata": {
                "description": "Optional. Application security groups in which the private endpoint IP configuration is included."
              }
            },
            "customNetworkInterfaceName": {
              "type": "string",
              "nullable": true,
              "metadata": {
                "description": "Optional. The custom name of the network interface attached to the private endpoint."
              }
            },
            "ipConfigurations": {
              "type": "array",
              "items": {
                "$ref": "#/definitions/ipConfigurationType"
              },
              "nullable": true,
              "metadata": {
                "description": "Optional. A list of IP configurations of the private endpoint. This will be used to map to the First Party Service endpoints."
              }
            },
            "privateDnsZoneGroup": {
              "$ref": "#/definitions/privateDnsZoneGroupType",
              "nullable": true,
              "metadata": {
                "description": "Optional. The private DNS zone group to configure for the private endpoint."
              }
            },
            "location": {
              "type": "string",
              "defaultValue": "[resourceGroup().location]",
              "metadata": {
                "description": "Optional. Location for all Resources."
              }
            },
            "lock": {
              "$ref": "#/definitions/lockType",
              "nullable": true,
              "metadata": {
                "description": "Optional. The lock settings of the service."
              }
            },
            "roleAssignments": {
              "type": "array",
              "items": {
                "$ref": "#/definitions/roleAssignmentType"
              },
              "nullable": true,
              "metadata": {
                "description": "Optional. Array of role assignments to create."
              }
            },
            "tags": {
              "type": "object",
              "nullable": true,
              "metadata": {
                "description": "Optional. Tags to be applied on all resources/resource groups in this deployment."
              }
            },
            "customDnsConfigs": {
              "type": "array",
              "items": {
                "$ref": "#/definitions/customDnsConfigType"
              },
              "nullable": true,
              "metadata": {
                "description": "Optional. Custom DNS configurations."
              }
            },
            "manualPrivateLinkServiceConnections": {
              "type": "array",
              "items": {
                "$ref": "#/definitions/privateLinkServiceConnectionType"
              },
              "nullable": true,
              "metadata": {
                "description": "Conditional. A grouping of information about the connection to the remote resource. Used when the network admin does not have access to approve connections to the remote resource. Required if `privateLinkServiceConnections` is empty."
              }
            },
            "privateLinkServiceConnections": {
              "type": "array",
              "items": {
                "$ref": "#/definitions/privateLinkServiceConnectionType"
              },
              "nullable": true,
              "metadata": {
                "description": "Conditional. A grouping of information about the connection to the remote resource. Required if `manualPrivateLinkServiceConnections` is empty."
              }
            },
            "enableTelemetry": {
              "type": "bool",
              "defaultValue": true,
              "metadata": {
                "description": "Optional. Enable/Disable usage telemetry for module."
              }
            }
          },
          "variables": {
            "copy": [
              {
                "name": "formattedRoleAssignments",
                "count": "[length(coalesce(parameters('roleAssignments'), createArray()))]",
                "input": "[union(coalesce(parameters('roleAssignments'), createArray())[copyIndex('formattedRoleAssignments')], createObject('roleDefinitionId', coalesce(tryGet(variables('builtInRoleNames'), coalesce(parameters('roleAssignments'), createArray())[copyIndex('formattedRoleAssignments')].roleDefinitionIdOrName), if(contains(coalesce(parameters('roleAssignments'), createArray())[copyIndex('formattedRoleAssignments')].roleDefinitionIdOrName, '/providers/Microsoft.Authorization/roleDefinitions/'), coalesce(parameters('roleAssignments'), createArray())[copyIndex('formattedRoleAssignments')].roleDefinitionIdOrName, subscriptionResourceId('Microsoft.Authorization/roleDefinitions', coalesce(parameters('roleAssignments'), createArray())[copyIndex('formattedRoleAssignments')].roleDefinitionIdOrName)))))]"
              }
            ],
            "builtInRoleNames": {
              "Contributor": "[subscriptionResourceId('Microsoft.Authorization/roleDefinitions', 'b24988ac-6180-42a0-ab88-20f7382dd24c')]",
              "DNS Resolver Contributor": "[subscriptionResourceId('Microsoft.Authorization/roleDefinitions', '0f2ebee7-ffd4-4fc0-b3b7-664099fdad5d')]",
              "DNS Zone Contributor": "[subscriptionResourceId('Microsoft.Authorization/roleDefinitions', 'befefa01-2a29-4197-83a8-272ff33ce314')]",
              "Domain Services Contributor": "[subscriptionResourceId('Microsoft.Authorization/roleDefinitions', 'eeaeda52-9324-47f6-8069-5d5bade478b2')]",
              "Domain Services Reader": "[subscriptionResourceId('Microsoft.Authorization/roleDefinitions', '361898ef-9ed1-48c2-849c-a832951106bb')]",
              "Network Contributor": "[subscriptionResourceId('Microsoft.Authorization/roleDefinitions', '4d97b98b-1d4f-4787-a291-c67834d212e7')]",
              "Owner": "[subscriptionResourceId('Microsoft.Authorization/roleDefinitions', '8e3af657-a8ff-443c-a75c-2fe8c4bcb635')]",
              "Private DNS Zone Contributor": "[subscriptionResourceId('Microsoft.Authorization/roleDefinitions', 'b12aa53e-6015-4669-85d0-8515ebb3ae7f')]",
              "Reader": "[subscriptionResourceId('Microsoft.Authorization/roleDefinitions', 'acdd72a7-3385-48ef-bd42-f606fba81ae7')]",
              "Role Based Access Control Administrator": "[subscriptionResourceId('Microsoft.Authorization/roleDefinitions', 'f58310d9-a9f6-439a-9e8d-f62e7b41a168')]"
            }
          },
          "resources": {
            "avmTelemetry": {
              "condition": "[parameters('enableTelemetry')]",
              "type": "Microsoft.Resources/deployments",
              "apiVersion": "2024-03-01",
              "name": "[format('46d3xbcp.res.network-privateendpoint.{0}.{1}', replace('0.10.1', '.', '-'), substring(uniqueString(deployment().name, parameters('location')), 0, 4))]",
              "properties": {
                "mode": "Incremental",
                "template": {
                  "$schema": "https://schema.management.azure.com/schemas/2019-04-01/deploymentTemplate.json#",
                  "contentVersion": "1.0.0.0",
                  "resources": [],
                  "outputs": {
                    "telemetry": {
                      "type": "String",
                      "value": "For more information, see https://aka.ms/avm/TelemetryInfo"
                    }
                  }
                }
              }
            },
            "privateEndpoint": {
              "type": "Microsoft.Network/privateEndpoints",
              "apiVersion": "2023-11-01",
              "name": "[parameters('name')]",
              "location": "[parameters('location')]",
              "tags": "[parameters('tags')]",
              "properties": {
                "copy": [
                  {
                    "name": "applicationSecurityGroups",
                    "count": "[length(coalesce(parameters('applicationSecurityGroupResourceIds'), createArray()))]",
                    "input": {
                      "id": "[coalesce(parameters('applicationSecurityGroupResourceIds'), createArray())[copyIndex('applicationSecurityGroups')]]"
                    }
                  }
                ],
                "customDnsConfigs": "[coalesce(parameters('customDnsConfigs'), createArray())]",
                "customNetworkInterfaceName": "[coalesce(parameters('customNetworkInterfaceName'), '')]",
                "ipConfigurations": "[coalesce(parameters('ipConfigurations'), createArray())]",
                "manualPrivateLinkServiceConnections": "[coalesce(parameters('manualPrivateLinkServiceConnections'), createArray())]",
                "privateLinkServiceConnections": "[coalesce(parameters('privateLinkServiceConnections'), createArray())]",
                "subnet": {
                  "id": "[parameters('subnetResourceId')]"
                }
              }
            },
            "privateEndpoint_lock": {
              "condition": "[and(not(empty(coalesce(parameters('lock'), createObject()))), not(equals(tryGet(parameters('lock'), 'kind'), 'None')))]",
              "type": "Microsoft.Authorization/locks",
              "apiVersion": "2020-05-01",
              "scope": "[format('Microsoft.Network/privateEndpoints/{0}', parameters('name'))]",
              "name": "[coalesce(tryGet(parameters('lock'), 'name'), format('lock-{0}', parameters('name')))]",
              "properties": {
                "level": "[coalesce(tryGet(parameters('lock'), 'kind'), '')]",
                "notes": "[if(equals(tryGet(parameters('lock'), 'kind'), 'CanNotDelete'), 'Cannot delete resource or child resources.', 'Cannot delete or modify the resource or child resources.')]"
              },
              "dependsOn": [
                "privateEndpoint"
              ]
            },
            "privateEndpoint_roleAssignments": {
              "copy": {
                "name": "privateEndpoint_roleAssignments",
                "count": "[length(coalesce(variables('formattedRoleAssignments'), createArray()))]"
              },
              "type": "Microsoft.Authorization/roleAssignments",
              "apiVersion": "2022-04-01",
              "scope": "[format('Microsoft.Network/privateEndpoints/{0}', parameters('name'))]",
              "name": "[coalesce(tryGet(coalesce(variables('formattedRoleAssignments'), createArray())[copyIndex()], 'name'), guid(resourceId('Microsoft.Network/privateEndpoints', parameters('name')), coalesce(variables('formattedRoleAssignments'), createArray())[copyIndex()].principalId, coalesce(variables('formattedRoleAssignments'), createArray())[copyIndex()].roleDefinitionId))]",
              "properties": {
                "roleDefinitionId": "[coalesce(variables('formattedRoleAssignments'), createArray())[copyIndex()].roleDefinitionId]",
                "principalId": "[coalesce(variables('formattedRoleAssignments'), createArray())[copyIndex()].principalId]",
                "description": "[tryGet(coalesce(variables('formattedRoleAssignments'), createArray())[copyIndex()], 'description')]",
                "principalType": "[tryGet(coalesce(variables('formattedRoleAssignments'), createArray())[copyIndex()], 'principalType')]",
                "condition": "[tryGet(coalesce(variables('formattedRoleAssignments'), createArray())[copyIndex()], 'condition')]",
                "conditionVersion": "[if(not(empty(tryGet(coalesce(variables('formattedRoleAssignments'), createArray())[copyIndex()], 'condition'))), coalesce(tryGet(coalesce(variables('formattedRoleAssignments'), createArray())[copyIndex()], 'conditionVersion'), '2.0'), null())]",
                "delegatedManagedIdentityResourceId": "[tryGet(coalesce(variables('formattedRoleAssignments'), createArray())[copyIndex()], 'delegatedManagedIdentityResourceId')]"
              },
              "dependsOn": [
                "privateEndpoint"
              ]
            },
            "privateEndpoint_privateDnsZoneGroup": {
              "condition": "[not(empty(parameters('privateDnsZoneGroup')))]",
              "type": "Microsoft.Resources/deployments",
              "apiVersion": "2022-09-01",
              "name": "[format('{0}-PrivateEndpoint-PrivateDnsZoneGroup', uniqueString(deployment().name))]",
              "properties": {
                "expressionEvaluationOptions": {
                  "scope": "inner"
                },
                "mode": "Incremental",
                "parameters": {
                  "name": {
                    "value": "[tryGet(parameters('privateDnsZoneGroup'), 'name')]"
                  },
                  "privateEndpointName": {
                    "value": "[parameters('name')]"
                  },
                  "privateDnsZoneConfigs": {
                    "value": "[parameters('privateDnsZoneGroup').privateDnsZoneGroupConfigs]"
                  }
                },
                "template": {
                  "$schema": "https://schema.management.azure.com/schemas/2019-04-01/deploymentTemplate.json#",
                  "languageVersion": "2.0",
                  "contentVersion": "1.0.0.0",
                  "metadata": {
                    "_generator": {
                      "name": "bicep",
                      "version": "0.33.13.18514",
                      "templateHash": "5440815542537978381"
                    },
                    "name": "Private Endpoint Private DNS Zone Groups",
                    "description": "This module deploys a Private Endpoint Private DNS Zone Group."
                  },
                  "definitions": {
                    "privateDnsZoneGroupConfigType": {
                      "type": "object",
                      "properties": {
                        "name": {
                          "type": "string",
                          "nullable": true,
                          "metadata": {
                            "description": "Optional. The name of the private DNS zone group config."
                          }
                        },
                        "privateDnsZoneResourceId": {
                          "type": "string",
                          "metadata": {
                            "description": "Required. The resource id of the private DNS zone."
                          }
                        }
                      },
                      "metadata": {
                        "__bicep_export!": true
                      }
                    }
                  },
                  "parameters": {
                    "privateEndpointName": {
                      "type": "string",
                      "metadata": {
                        "description": "Conditional. The name of the parent private endpoint. Required if the template is used in a standalone deployment."
                      }
                    },
                    "privateDnsZoneConfigs": {
                      "type": "array",
                      "items": {
                        "$ref": "#/definitions/privateDnsZoneGroupConfigType"
                      },
                      "minLength": 1,
                      "maxLength": 5,
                      "metadata": {
                        "description": "Required. Array of private DNS zone configurations of the private DNS zone group. A DNS zone group can support up to 5 DNS zones."
                      }
                    },
                    "name": {
                      "type": "string",
                      "defaultValue": "default",
                      "metadata": {
                        "description": "Optional. The name of the private DNS zone group."
                      }
                    }
                  },
                  "variables": {
                    "copy": [
                      {
                        "name": "privateDnsZoneConfigsVar",
                        "count": "[length(parameters('privateDnsZoneConfigs'))]",
                        "input": {
                          "name": "[coalesce(tryGet(parameters('privateDnsZoneConfigs')[copyIndex('privateDnsZoneConfigsVar')], 'name'), last(split(parameters('privateDnsZoneConfigs')[copyIndex('privateDnsZoneConfigsVar')].privateDnsZoneResourceId, '/')))]",
                          "properties": {
                            "privateDnsZoneId": "[parameters('privateDnsZoneConfigs')[copyIndex('privateDnsZoneConfigsVar')].privateDnsZoneResourceId]"
                          }
                        }
                      }
                    ]
                  },
                  "resources": {
                    "privateEndpoint": {
                      "existing": true,
                      "type": "Microsoft.Network/privateEndpoints",
                      "apiVersion": "2023-11-01",
                      "name": "[parameters('privateEndpointName')]"
                    },
                    "privateDnsZoneGroup": {
                      "type": "Microsoft.Network/privateEndpoints/privateDnsZoneGroups",
                      "apiVersion": "2023-11-01",
                      "name": "[format('{0}/{1}', parameters('privateEndpointName'), parameters('name'))]",
                      "properties": {
                        "privateDnsZoneConfigs": "[variables('privateDnsZoneConfigsVar')]"
                      }
                    }
                  },
                  "outputs": {
                    "name": {
                      "type": "string",
                      "metadata": {
                        "description": "The name of the private endpoint DNS zone group."
                      },
                      "value": "[parameters('name')]"
                    },
                    "resourceId": {
                      "type": "string",
                      "metadata": {
                        "description": "The resource ID of the private endpoint DNS zone group."
                      },
                      "value": "[resourceId('Microsoft.Network/privateEndpoints/privateDnsZoneGroups', parameters('privateEndpointName'), parameters('name'))]"
                    },
                    "resourceGroupName": {
                      "type": "string",
                      "metadata": {
                        "description": "The resource group the private endpoint DNS zone group was deployed into."
                      },
                      "value": "[resourceGroup().name]"
                    }
                  }
                }
              },
              "dependsOn": [
                "privateEndpoint"
              ]
            }
          },
          "outputs": {
            "resourceGroupName": {
              "type": "string",
              "metadata": {
                "description": "The resource group the private endpoint was deployed into."
              },
              "value": "[resourceGroup().name]"
            },
            "resourceId": {
              "type": "string",
              "metadata": {
                "description": "The resource ID of the private endpoint."
              },
              "value": "[resourceId('Microsoft.Network/privateEndpoints', parameters('name'))]"
            },
            "name": {
              "type": "string",
              "metadata": {
                "description": "The name of the private endpoint."
              },
              "value": "[parameters('name')]"
            },
            "location": {
              "type": "string",
              "metadata": {
                "description": "The location the resource was deployed into."
              },
              "value": "[reference('privateEndpoint', '2023-11-01', 'full').location]"
            },
            "customDnsConfigs": {
              "type": "array",
              "items": {
                "$ref": "#/definitions/customDnsConfigType"
              },
              "metadata": {
                "description": "The custom DNS configurations of the private endpoint."
              },
              "value": "[reference('privateEndpoint').customDnsConfigs]"
            },
            "networkInterfaceResourceIds": {
              "type": "array",
              "items": {
                "type": "string"
              },
              "metadata": {
                "description": "The resource IDs of the network interfaces associated with the private endpoint."
              },
              "value": "[map(reference('privateEndpoint').networkInterfaces, lambda('nic', lambdaVariables('nic').id))]"
            },
            "groupId": {
              "type": "string",
              "nullable": true,
              "metadata": {
                "description": "The group Id for the private endpoint Group."
              },
              "value": "[coalesce(tryGet(tryGet(tryGet(tryGet(reference('privateEndpoint'), 'manualPrivateLinkServiceConnections'), 0, 'properties'), 'groupIds'), 0), tryGet(tryGet(tryGet(tryGet(reference('privateEndpoint'), 'privateLinkServiceConnections'), 0, 'properties'), 'groupIds'), 0))]"
            }
          }
        }
      },
      "dependsOn": [
        "privateLinkScope",
        "privateLinkScope_scopedResource"
      ]
    }
  },
  "outputs": {
    "name": {
      "type": "string",
      "metadata": {
        "description": "The name of the private link scope."
      },
      "value": "[parameters('name')]"
    },
    "resourceId": {
      "type": "string",
      "metadata": {
        "description": "The resource ID of the private link scope."
      },
      "value": "[resourceId('microsoft.insights/privateLinkScopes', parameters('name'))]"
    },
    "resourceGroupName": {
      "type": "string",
      "metadata": {
        "description": "The resource group the private link scope was deployed into."
      },
      "value": "[resourceGroup().name]"
    },
    "location": {
      "type": "string",
      "metadata": {
        "description": "The location the resource was deployed into."
      },
      "value": "[reference('privateLinkScope', '2021-07-01-preview', 'full').location]"
    },
    "privateEndpoints": {
      "type": "array",
      "items": {
        "$ref": "#/definitions/privateEndpointOutputType"
      },
      "metadata": {
        "description": "The private endpoints of the private link scope."
      },
      "copy": {
        "count": "[length(coalesce(parameters('privateEndpoints'), createArray()))]",
        "input": {
          "name": "[reference(format('privateLinkScope_privateEndpoints[{0}]', copyIndex())).outputs.name.value]",
          "resourceId": "[reference(format('privateLinkScope_privateEndpoints[{0}]', copyIndex())).outputs.resourceId.value]",
          "groupId": "[tryGet(tryGet(reference(format('privateLinkScope_privateEndpoints[{0}]', copyIndex())).outputs, 'groupId'), 'value')]",
          "customDnsConfigs": "[reference(format('privateLinkScope_privateEndpoints[{0}]', copyIndex())).outputs.customDnsConfigs.value]",
          "networkInterfaceResourceIds": "[reference(format('privateLinkScope_privateEndpoints[{0}]', copyIndex())).outputs.networkInterfaceResourceIds.value]"
        }
      }
    }
  }
}