{
  "$schema": "https://schema.management.azure.com/schemas/2019-04-01/deploymentTemplate.json#",
  "languageVersion": "2.0",
  "contentVersion": "1.0.0.0",
  "metadata": {
    "_generator": {
      "name": "bicep",
      "version": "0.33.93.31351",
      "templateHash": "17983074658441556011"
    },
    "name": "Data Protection Backup Vaults",
    "description": "This module deploys a Data Protection Backup Vault."
  },
  "definitions": {
    "softDeleteSettingType": {
      "type": "object",
      "properties": {
        "retentionDurationInDays": {
          "type": "int",
          "metadata": {
            "description": "Required. The soft delete retention period in days."
          }
        },
        "state": {
          "type": "string",
          "allowedValues": [
            "AlwaysON",
            "Off",
            "On"
          ],
          "metadata": {
            "description": "Required. The soft delete state."
          }
        }
      },
      "metadata": {
        "__bicep_export!": true,
        "description": "The type for soft delete settings."
      }
    },
    "customerManagedKeyWithAutoRotateType": {
      "type": "object",
      "properties": {
        "keyVaultResourceId": {
          "type": "string",
          "metadata": {
            "description": "Required. The resource ID of a key vault to reference a customer managed key for encryption from."
          }
        },
        "keyName": {
          "type": "string",
          "metadata": {
            "description": "Required. The name of the customer managed key to use for encryption."
          }
        },
        "keyVersion": {
          "type": "string",
          "nullable": true,
          "metadata": {
            "description": "Optional. The version of the customer managed key to reference for encryption. If not provided, using version as per 'autoRotationEnabled' setting."
          }
        },
        "autoRotationEnabled": {
          "type": "bool",
          "nullable": true,
          "metadata": {
            "description": "Optional. Enable or disable auto-rotating to the latest key version. Default is `true`. If set to `false`, the latest key version at the time of the deployment is used."
          }
        },
        "userAssignedIdentityResourceId": {
          "type": "string",
          "nullable": true,
          "metadata": {
            "description": "Optional. User assigned identity to use when fetching the customer managed key. Required if no system assigned identity is available for use."
          }
        }
      },
      "metadata": {
        "description": "An AVM-aligned type for a customer-managed key. To be used if the resource type supports auto-rotation of the customer-managed key.",
        "__bicep_imported_from!": {
          "sourceTemplate": "br:mcr.microsoft.com/bicep/avm/utl/types/avm-common-types:0.5.1"
        }
      }
    },
    "lockType": {
      "type": "object",
      "properties": {
        "name": {
          "type": "string",
          "nullable": true,
          "metadata": {
            "description": "Optional. Specify the name of lock."
          }
        },
        "kind": {
          "type": "string",
          "allowedValues": [
            "CanNotDelete",
            "None",
            "ReadOnly"
          ],
          "nullable": true,
          "metadata": {
            "description": "Optional. Specify the type of lock."
          }
        }
      },
      "metadata": {
        "description": "An AVM-aligned type for a lock.",
        "__bicep_imported_from!": {
          "sourceTemplate": "br:mcr.microsoft.com/bicep/avm/utl/types/avm-common-types:0.5.1"
        }
      }
    },
    "managedIdentityAllType": {
      "type": "object",
      "properties": {
        "systemAssigned": {
          "type": "bool",
          "nullable": true,
          "metadata": {
            "description": "Optional. Enables system assigned managed identity on the resource."
          }
        },
        "userAssignedResourceIds": {
          "type": "array",
          "items": {
            "type": "string"
          },
          "nullable": true,
          "metadata": {
            "description": "Optional. The resource ID(s) to assign to the resource. Required if a user assigned identity is used for encryption."
          }
        }
      },
      "metadata": {
        "description": "An AVM-aligned type for a managed identity configuration. To be used if both a system-assigned & user-assigned identities are supported by the resource provider.",
        "__bicep_imported_from!": {
          "sourceTemplate": "br:mcr.microsoft.com/bicep/avm/utl/types/avm-common-types:0.5.1"
        }
      }
    },
    "roleAssignmentType": {
      "type": "object",
      "properties": {
        "name": {
          "type": "string",
          "nullable": true,
          "metadata": {
            "description": "Optional. The name (as GUID) of the role assignment. If not provided, a GUID will be generated."
          }
        },
        "roleDefinitionIdOrName": {
          "type": "string",
          "metadata": {
            "description": "Required. The role to assign. You can provide either the display name of the role definition, the role definition GUID, or its fully qualified ID in the following format: '/providers/Microsoft.Authorization/roleDefinitions/c2f4ef07-c644-48eb-af81-4b1b4947fb11'."
          }
        },
        "principalId": {
          "type": "string",
          "metadata": {
            "description": "Required. The principal ID of the principal (user/group/identity) to assign the role to."
          }
        },
        "principalType": {
          "type": "string",
          "allowedValues": [
            "Device",
            "ForeignGroup",
            "Group",
            "ServicePrincipal",
            "User"
          ],
          "nullable": true,
          "metadata": {
            "description": "Optional. The principal type of the assigned principal ID."
          }
        },
        "description": {
          "type": "string",
          "nullable": true,
          "metadata": {
            "description": "Optional. The description of the role assignment."
          }
        },
        "condition": {
          "type": "string",
          "nullable": true,
          "metadata": {
            "description": "Optional. The conditions on the role assignment. This limits the resources it can be assigned to. e.g.: @Resource[Microsoft.Storage/storageAccounts/blobServices/containers:ContainerName] StringEqualsIgnoreCase \"foo_storage_container\"."
          }
        },
        "conditionVersion": {
          "type": "string",
          "allowedValues": [
            "2.0"
          ],
          "nullable": true,
          "metadata": {
            "description": "Optional. Version of the condition."
          }
        },
        "delegatedManagedIdentityResourceId": {
          "type": "string",
          "nullable": true,
          "metadata": {
            "description": "Optional. The Resource Id of the delegated managed identity resource."
          }
        }
      },
      "metadata": {
        "description": "An AVM-aligned type for a role assignment.",
        "__bicep_imported_from!": {
          "sourceTemplate": "br:mcr.microsoft.com/bicep/avm/utl/types/avm-common-types:0.5.1"
        }
      }
    }
  },
  "parameters": {
    "name": {
      "type": "string",
      "metadata": {
        "description": "Required. Name of the Backup Vault."
      }
    },
    "enableTelemetry": {
      "type": "bool",
      "defaultValue": true,
      "metadata": {
        "description": "Optional. Enable/Disable usage telemetry for module."
      }
    },
    "location": {
      "type": "string",
      "defaultValue": "[resourceGroup().location]",
      "metadata": {
        "description": "Optional. Location for all resources."
      }
    },
    "roleAssignments": {
      "type": "array",
      "items": {
        "$ref": "#/definitions/roleAssignmentType"
      },
      "nullable": true,
      "metadata": {
        "description": "Optional. Array of role assignments to create."
      }
    },
    "lock": {
      "$ref": "#/definitions/lockType",
      "nullable": true,
      "metadata": {
        "description": "Optional. The lock settings of the service."
      }
    },
    "managedIdentities": {
      "$ref": "#/definitions/managedIdentityAllType",
      "nullable": true,
      "metadata": {
        "description": "Optional. The managed identity definition for this resource."
      }
    },
    "infrastructureEncryption": {
      "type": "string",
      "defaultValue": "Enabled",
      "allowedValues": [
        "Enabled",
        "Disabled"
      ],
      "metadata": {
        "description": "Optional. Whether or not the service applies a secondary layer of encryption. For security reasons, it is recommended to set it to Enabled."
      }
    },
    "customerManagedKey": {
      "$ref": "#/definitions/customerManagedKeyWithAutoRotateType",
      "nullable": true,
      "metadata": {
        "description": "Optional. The customer managed key (CMK) definition. ENABLING CMK WITH USER ASSIGNED MANAGED IDENTITY IS A PREVIEW SERVICE/FEATURE, MICROSOFT MAY NOT PROVIDE SUPPORT FOR THIS, PLEASE CHECK THE [PRODUCT DOCS](https://learn.microsoft.com/en-us/azure/backup/encryption-at-rest-with-cmk-for-backup-vault) FOR CLARIFICATION."
      }
    },
    "softDeleteSettings": {
      "$ref": "#/definitions/softDeleteSettingType",
      "nullable": true,
      "metadata": {
        "description": "Optional. The soft delete related settings."
      }
    },
    "immutabilitySettingState": {
      "type": "string",
      "nullable": true,
      "allowedValues": [
        "Disabled",
        "Locked",
        "Unlocked"
      ],
      "metadata": {
        "description": "Optional. The immmutability setting state of the backup vault resource."
      }
    },
    "tags": {
      "type": "object",
      "nullable": true,
      "metadata": {
        "description": "Optional. Tags of the backup vault resource."
      }
    },
    "dataStoreType": {
      "type": "string",
      "defaultValue": "VaultStore",
      "allowedValues": [
        "ArchiveStore",
        "VaultStore",
        "OperationalStore"
      ],
      "metadata": {
        "description": "Optional. The datastore type to use. ArchiveStore does not support ZoneRedundancy."
      }
    },
    "type": {
      "type": "string",
      "defaultValue": "GeoRedundant",
      "allowedValues": [
        "LocallyRedundant",
        "GeoRedundant",
        "ZoneRedundant"
      ],
      "metadata": {
        "description": "Optional. The vault redundancy level to use."
      }
    },
    "azureMonitorAlertSettingsAlertsForAllJobFailures": {
      "type": "string",
      "defaultValue": "Enabled",
      "allowedValues": [
        "Disabled",
        "Enabled"
      ],
      "metadata": {
        "description": "Optional. Settings for Azure Monitor based alerts for job failures."
      }
    },
    "backupPolicies": {
      "type": "array",
      "nullable": true,
      "metadata": {
        "description": "Optional. List of all backup policies."
      }
    },
    "featureSettings": {
      "type": "object",
      "nullable": true,
      "metadata": {
        "description": "Optional. Feature settings for the backup vault."
      }
    }
  },
  "variables": {
    "copy": [
      {
        "name": "formattedRoleAssignments",
        "count": "[length(coalesce(parameters('roleAssignments'), createArray()))]",
        "input": "[union(coalesce(parameters('roleAssignments'), createArray())[copyIndex('formattedRoleAssignments')], createObject('roleDefinitionId', coalesce(tryGet(variables('builtInRoleNames'), coalesce(parameters('roleAssignments'), createArray())[copyIndex('formattedRoleAssignments')].roleDefinitionIdOrName), if(contains(coalesce(parameters('roleAssignments'), createArray())[copyIndex('formattedRoleAssignments')].roleDefinitionIdOrName, '/providers/Microsoft.Authorization/roleDefinitions/'), coalesce(parameters('roleAssignments'), createArray())[copyIndex('formattedRoleAssignments')].roleDefinitionIdOrName, subscriptionResourceId('Microsoft.Authorization/roleDefinitions', coalesce(parameters('roleAssignments'), createArray())[copyIndex('formattedRoleAssignments')].roleDefinitionIdOrName)))))]"
      }
    ],
    "formattedUserAssignedIdentities": "[reduce(map(coalesce(tryGet(parameters('managedIdentities'), 'userAssignedResourceIds'), createArray()), lambda('id', createObject(format('{0}', lambdaVariables('id')), createObject()))), createObject(), lambda('cur', 'next', union(lambdaVariables('cur'), lambdaVariables('next'))))]",
    "identity": "[if(not(empty(parameters('managedIdentities'))), createObject('type', if(coalesce(tryGet(parameters('managedIdentities'), 'systemAssigned'), false()), if(not(empty(coalesce(tryGet(parameters('managedIdentities'), 'userAssignedResourceIds'), createObject()))), 'SystemAssigned,UserAssigned', 'SystemAssigned'), if(not(empty(coalesce(tryGet(parameters('managedIdentities'), 'userAssignedResourceIds'), createObject()))), 'UserAssigned', 'None')), 'userAssignedIdentities', if(not(empty(variables('formattedUserAssignedIdentities'))), variables('formattedUserAssignedIdentities'), null())), null())]",
    "builtInRoleNames": {
      "Backup Contributor": "[subscriptionResourceId('Microsoft.Authorization/roleDefinitions', '5e467623-bb1f-42f4-a55d-6e525e11384b')]",
      "Backup Operator": "[subscriptionResourceId('Microsoft.Authorization/roleDefinitions', '00c29273-979b-4161-815c-10b084fb9324')]",
      "Backup Reader": "[subscriptionResourceId('Microsoft.Authorization/roleDefinitions', 'a795c7a0-d4a2-40c1-ae25-d81f01202912')]",
      "Contributor": "[subscriptionResourceId('Microsoft.Authorization/roleDefinitions', 'b24988ac-6180-42a0-ab88-20f7382dd24c')]",
      "Owner": "[subscriptionResourceId('Microsoft.Authorization/roleDefinitions', '8e3af657-a8ff-443c-a75c-2fe8c4bcb635')]",
      "Reader": "[subscriptionResourceId('Microsoft.Authorization/roleDefinitions', 'acdd72a7-3385-48ef-bd42-f606fba81ae7')]",
      "Role Based Access Control Administrator": "[subscriptionResourceId('Microsoft.Authorization/roleDefinitions', 'f58310d9-a9f6-439a-9e8d-f62e7b41a168')]",
      "User Access Administrator": "[subscriptionResourceId('Microsoft.Authorization/roleDefinitions', '18d7d88d-d35e-4fb5-a5c3-7773c20a72d9')]"
    }
  },
  "resources": {
    "cMKKeyVault::cMKKey": {
      "condition": "[and(not(empty(tryGet(parameters('customerManagedKey'), 'keyVaultResourceId'))), and(not(empty(tryGet(parameters('customerManagedKey'), 'keyVaultResourceId'))), not(empty(tryGet(parameters('customerManagedKey'), 'keyName')))))]",
      "existing": true,
      "type": "Microsoft.KeyVault/vaults/keys",
      "apiVersion": "2023-02-01",
      "subscriptionId": "[split(tryGet(parameters('customerManagedKey'), 'keyVaultResourceId'), '/')[2]]",
      "resourceGroup": "[split(tryGet(parameters('customerManagedKey'), 'keyVaultResourceId'), '/')[4]]",
      "name": "[format('{0}/{1}', last(split(tryGet(parameters('customerManagedKey'), 'keyVaultResourceId'), '/')), tryGet(parameters('customerManagedKey'), 'keyName'))]"
    },
    "avmTelemetry": {
      "condition": "[parameters('enableTelemetry')]",
      "type": "Microsoft.Resources/deployments",
      "apiVersion": "2024-03-01",
      "name": "[format('46d3xbcp.res.dataprotection-backupvault.{0}.{1}', replace('-..--..-', '.', '-'), substring(uniqueString(deployment().name, parameters('location')), 0, 4))]",
      "properties": {
        "mode": "Incremental",
        "template": {
          "$schema": "https://schema.management.azure.com/schemas/2019-04-01/deploymentTemplate.json#",
          "contentVersion": "1.0.0.0",
          "resources": [],
          "outputs": {
            "telemetry": {
              "type": "String",
              "value": "For more information, see https://aka.ms/avm/TelemetryInfo"
            }
          }
        }
      }
    },
    "cMKKeyVault": {
      "condition": "[not(empty(tryGet(parameters('customerManagedKey'), 'keyVaultResourceId')))]",
      "existing": true,
      "type": "Microsoft.KeyVault/vaults",
      "apiVersion": "2023-02-01",
      "subscriptionId": "[split(tryGet(parameters('customerManagedKey'), 'keyVaultResourceId'), '/')[2]]",
      "resourceGroup": "[split(tryGet(parameters('customerManagedKey'), 'keyVaultResourceId'), '/')[4]]",
      "name": "[last(split(tryGet(parameters('customerManagedKey'), 'keyVaultResourceId'), '/'))]"
    },
    "cMKUserAssignedIdentity": {
      "condition": "[not(empty(tryGet(parameters('customerManagedKey'), 'userAssignedIdentityResourceId')))]",
      "existing": true,
      "type": "Microsoft.ManagedIdentity/userAssignedIdentities",
      "apiVersion": "2023-01-31",
      "subscriptionId": "[split(tryGet(parameters('customerManagedKey'), 'userAssignedIdentityResourceId'), '/')[2]]",
      "resourceGroup": "[split(tryGet(parameters('customerManagedKey'), 'userAssignedIdentityResourceId'), '/')[4]]",
      "name": "[last(split(tryGet(parameters('customerManagedKey'), 'userAssignedIdentityResourceId'), '/'))]"
    },
    "backupVault": {
      "type": "Microsoft.DataProtection/backupVaults",
      "apiVersion": "2024-04-01",
      "name": "[parameters('name')]",
      "location": "[parameters('location')]",
      "tags": "[parameters('tags')]",
      "identity": "[variables('identity')]",
      "properties": {
        "monitoringSettings": {
          "azureMonitorAlertSettings": {
            "alertsForAllJobFailures": "[parameters('azureMonitorAlertSettingsAlertsForAllJobFailures')]"
          }
        },
        "storageSettings": [
          {
            "type": "[parameters('type')]",
            "datastoreType": "[parameters('dataStoreType')]"
          }
        ],
        "featureSettings": "[parameters('featureSettings')]",
        "securitySettings": {
          "encryptionSettings": "[if(not(empty(parameters('customerManagedKey'))), createObject('infrastructureEncryption', parameters('infrastructureEncryption'), 'kekIdentity', if(not(empty(tryGet(parameters('customerManagedKey'), 'userAssignedIdentityResourceId'))), createObject('identityId', extensionResourceId(format('/subscriptions/{0}/resourceGroups/{1}', split(tryGet(parameters('customerManagedKey'), 'userAssignedIdentityResourceId'), '/')[2], split(tryGet(parameters('customerManagedKey'), 'userAssignedIdentityResourceId'), '/')[4]), 'Microsoft.ManagedIdentity/userAssignedIdentities', last(split(tryGet(parameters('customerManagedKey'), 'userAssignedIdentityResourceId'), '/'))), 'identityType', 'UserAssigned'), createObject('identityType', 'SystemAssigned')), 'keyVaultProperties', createObject('keyUri', if(not(empty(tryGet(parameters('customerManagedKey'), 'keyVersion'))), format('{0}/{1}', reference('cMKKeyVault::cMKKey').keyUri, tryGet(parameters('customerManagedKey'), 'keyVersion')), if(coalesce(tryGet(parameters('customerManagedKey'), 'autoRotationEnabled'), true()), reference('cMKKeyVault::cMKKey').keyUri, reference('cMKKeyVault::cMKKey').keyUriWithVersion))), 'state', 'Enabled'), null())]",
          "immutabilitySettings": "[if(not(empty(parameters('immutabilitySettingState'))), createObject('state', parameters('immutabilitySettingState')), null())]",
          "softDeleteSettings": "[parameters('softDeleteSettings')]"
        }
      },
      "dependsOn": [
        "cMKKeyVault::cMKKey"
      ]
    },
    "backupVault_lock": {
      "condition": "[and(not(empty(coalesce(parameters('lock'), createObject()))), not(equals(tryGet(parameters('lock'), 'kind'), 'None')))]",
      "type": "Microsoft.Authorization/locks",
      "apiVersion": "2020-05-01",
      "scope": "[format('Microsoft.DataProtection/backupVaults/{0}', parameters('name'))]",
      "name": "[coalesce(tryGet(parameters('lock'), 'name'), format('lock-{0}', parameters('name')))]",
      "properties": {
        "level": "[coalesce(tryGet(parameters('lock'), 'kind'), '')]",
        "notes": "[if(equals(tryGet(parameters('lock'), 'kind'), 'CanNotDelete'), 'Cannot delete resource or child resources.', 'Cannot delete or modify the resource or child resources.')]"
      },
      "dependsOn": [
        "backupVault"
      ]
    },
    "backupVault_roleAssignments": {
      "copy": {
        "name": "backupVault_roleAssignments",
        "count": "[length(coalesce(variables('formattedRoleAssignments'), createArray()))]"
      },
      "type": "Microsoft.Authorization/roleAssignments",
      "apiVersion": "2022-04-01",
      "scope": "[format('Microsoft.DataProtection/backupVaults/{0}', parameters('name'))]",
      "name": "[coalesce(tryGet(coalesce(variables('formattedRoleAssignments'), createArray())[copyIndex()], 'name'), guid(resourceId('Microsoft.DataProtection/backupVaults', parameters('name')), coalesce(variables('formattedRoleAssignments'), createArray())[copyIndex()].principalId, coalesce(variables('formattedRoleAssignments'), createArray())[copyIndex()].roleDefinitionId))]",
      "properties": {
        "roleDefinitionId": "[coalesce(variables('formattedRoleAssignments'), createArray())[copyIndex()].roleDefinitionId]",
        "principalId": "[coalesce(variables('formattedRoleAssignments'), createArray())[copyIndex()].principalId]",
        "description": "[tryGet(coalesce(variables('formattedRoleAssignments'), createArray())[copyIndex()], 'description')]",
        "principalType": "[tryGet(coalesce(variables('formattedRoleAssignments'), createArray())[copyIndex()], 'principalType')]",
        "condition": "[tryGet(coalesce(variables('formattedRoleAssignments'), createArray())[copyIndex()], 'condition')]",
        "conditionVersion": "[if(not(empty(tryGet(coalesce(variables('formattedRoleAssignments'), createArray())[copyIndex()], 'condition'))), coalesce(tryGet(coalesce(variables('formattedRoleAssignments'), createArray())[copyIndex()], 'conditionVersion'), '2.0'), null())]",
        "delegatedManagedIdentityResourceId": "[tryGet(coalesce(variables('formattedRoleAssignments'), createArray())[copyIndex()], 'delegatedManagedIdentityResourceId')]"
      },
      "dependsOn": [
        "backupVault"
      ]
    },
    "backupVault_backupPolicies": {
      "copy": {
        "name": "backupVault_backupPolicies",
        "count": "[length(coalesce(parameters('backupPolicies'), createArray()))]"
      },
      "type": "Microsoft.Resources/deployments",
      "apiVersion": "2022-09-01",
      "name": "[format('{0}-BV-BackupPolicy-{1}', uniqueString(deployment().name, parameters('location')), copyIndex())]",
      "properties": {
        "expressionEvaluationOptions": {
          "scope": "inner"
        },
        "mode": "Incremental",
        "parameters": {
          "backupVaultName": {
            "value": "[parameters('name')]"
          },
          "name": {
            "value": "[coalesce(parameters('backupPolicies'), createArray())[copyIndex()].name]"
          },
          "properties": {
            "value": "[coalesce(parameters('backupPolicies'), createArray())[copyIndex()].properties]"
          }
        },
        "template": {
          "$schema": "https://schema.management.azure.com/schemas/2019-04-01/deploymentTemplate.json#",
          "contentVersion": "1.0.0.0",
          "metadata": {
            "_generator": {
              "name": "bicep",
              "version": "0.33.93.31351",
              "templateHash": "2595831843524944301"
            },
            "name": "Data Protection Backup Vault Backup Policies",
            "description": "This module deploys a Data Protection Backup Vault Backup Policy."
          },
          "parameters": {
            "backupVaultName": {
              "type": "string",
              "metadata": {
                "description": "Required. The name of the backup vault."
              }
            },
            "name": {
              "type": "string",
              "defaultValue": "DefaultPolicy",
              "metadata": {
                "description": "Optional. The name of the backup policy."
              }
            },
            "properties": {
              "type": "object",
              "defaultValue": {},
              "metadata": {
                "description": "Optional. The properties of the backup policy."
              }
            }
          },
          "resources": [
            {
              "type": "Microsoft.DataProtection/backupVaults/backupPolicies",
              "apiVersion": "2023-05-01",
              "name": "[format('{0}/{1}', parameters('backupVaultName'), parameters('name'))]",
              "properties": "[parameters('properties')]"
            }
          ],
          "outputs": {
            "name": {
              "type": "string",
              "metadata": {
                "description": "The name of the backup policy."
              },
              "value": "[parameters('name')]"
            },
            "resourceId": {
              "type": "string",
              "metadata": {
                "description": "The resource ID of the backup policy."
              },
              "value": "[resourceId('Microsoft.DataProtection/backupVaults/backupPolicies', parameters('backupVaultName'), parameters('name'))]"
            },
            "resourceGroupName": {
              "type": "string",
              "metadata": {
                "description": "The name of the resource group the backup policy was created in."
              },
              "value": "[resourceGroup().name]"
            }
          }
        }
      },
      "dependsOn": [
        "backupVault"
      ]
    }
  },
  "outputs": {
    "resourceId": {
      "type": "string",
      "metadata": {
        "description": "The resource ID of the backup vault."
      },
      "value": "[resourceId('Microsoft.DataProtection/backupVaults', parameters('name'))]"
    },
    "resourceGroupName": {
      "type": "string",
      "metadata": {
        "description": "The name of the resource group the recovery services vault was created in."
      },
      "value": "[resourceGroup().name]"
    },
    "name": {
      "type": "string",
      "metadata": {
        "description": "The Name of the backup vault."
      },
      "value": "[parameters('name')]"
    },
    "systemAssignedMIPrincipalId": {
      "type": "string",
      "nullable": true,
      "metadata": {
        "description": "The principal ID of the system assigned identity."
      },
      "value": "[tryGet(tryGet(reference('backupVault', '2024-04-01', 'full'), 'identity'), 'principalId')]"
    },
    "location": {
      "type": "string",
      "metadata": {
        "description": "The location the resource was deployed into."
      },
      "value": "[reference('backupVault', '2024-04-01', 'full').location]"
    }
  }
}