{
  "$schema": "https://schema.management.azure.com/schemas/2019-04-01/deploymentTemplate.json#",
  "contentVersion": "1.0.0.0",
  "metadata": {
    "_generator": {
      "name": "bicep",
      "version": "0.33.13.18514",
      "templateHash": "4007403623410700025"
    },
    "name": "Elastic SAN Volume Snapshots",
    "description": "This module deploys an Elastic SAN Volume Snapshot."
  },
  "parameters": {
    "elasticSanName": {
      "type": "string",
      "minLength": 3,
      "maxLength": 24,
      "metadata": {
        "description": "Conditional. The name of the parent Elastic SAN. Required if the template is used in a standalone deployment. The name can only contain lowercase letters, numbers, hyphens and underscores, and must begin and end with a letter or a number. Each hyphen and underscore must be preceded and followed by an alphanumeric character."
      }
    },
    "volumeGroupName": {
      "type": "string",
      "minLength": 3,
      "maxLength": 63,
      "metadata": {
        "description": "Conditional. The name of the parent Elastic SAN Volume Group. Required if the template is used in a standalone deployment. The name can only contain lowercase letters, numbers and hyphens, and must begin and end with a letter or a number. Each hyphen must be preceded and followed by an alphanumeric character."
      }
    },
    "volumeName": {
      "type": "string",
      "minLength": 3,
      "maxLength": 63,
      "metadata": {
        "description": "Conditional. The name of the parent Elastic SAN Volume. Required if the template is used in a standalone deployment. The name can only contain lowercase letters, numbers, hyphens and underscores, and must begin and end with a letter or a number. Each hyphen and underscore must be preceded and followed by an alphanumeric character."
      }
    },
    "name": {
      "type": "string",
      "minLength": 3,
      "maxLength": 63,
      "metadata": {
        "description": "Required. The name of the Elastic SAN Volume Snapshot. The name can only contain lowercase letters, numbers, hyphens and underscores, and must begin and end with a letter or a number. Each hyphen and underscore must be preceded and followed by an alphanumeric character."
      }
    },
    "location": {
      "type": "string",
      "defaultValue": "[resourceGroup().location]",
      "minLength": 1,
      "metadata": {
        "description": "Optional. Location for all resources."
      }
    }
  },
  "resources": [
    {
      "type": "Microsoft.ElasticSan/elasticSans/volumegroups/snapshots",
      "apiVersion": "2023-01-01",
      "name": "[format('{0}/{1}/{2}', parameters('elasticSanName'), parameters('volumeGroupName'), parameters('name'))]",
      "properties": {
        "creationData": {
          "sourceId": "[resourceId('Microsoft.ElasticSan/elasticSans/volumegroups/volumes', parameters('elasticSanName'), parameters('volumeGroupName'), parameters('volumeName'))]"
        }
      }
    }
  ],
  "outputs": {
    "resourceId": {
      "type": "string",
      "metadata": {
        "description": "The resource ID of the deployed Elastic SAN Volume Snapshot."
      },
      "value": "[resourceId('Microsoft.ElasticSan/elasticSans/volumegroups/snapshots', parameters('elasticSanName'), parameters('volumeGroupName'), parameters('name'))]"
    },
    "name": {
      "type": "string",
      "metadata": {
        "description": "The name of the deployed Elastic SAN Volume Snapshot."
      },
      "value": "[parameters('name')]"
    },
    "location": {
      "type": "string",
      "metadata": {
        "description": "The location of the deployed Elastic SAN Volume Snapshot."
      },
      "value": "[parameters('location')]"
    },
    "resourceGroupName": {
      "type": "string",
      "metadata": {
        "description": "The resource group of the deployed Elastic SAN Volume Snapshot."
      },
      "value": "[resourceGroup().name]"
    }
  }
}