{
  "$schema": "https://schema.management.azure.com/schemas/2019-04-01/deploymentTemplate.json#",
  "languageVersion": "2.0",
  "contentVersion": "1.0.0.0",
  "metadata": {
    "_generator": {
      "name": "bicep",
      "version": "0.33.93.31351",
      "templateHash": "7209455646454855037"
    },
    "name": "Healthcare API Workspace DICOM Services",
    "description": "This module deploys a Healthcare API Workspace DICOM Service."
  },
  "definitions": {
    "managedIdentitiesType": {
      "type": "object",
      "properties": {
        "systemAssigned": {
          "type": "bool",
          "nullable": true,
          "metadata": {
            "description": "Optional. Enables system assigned managed identity on the resource."
          }
        },
        "userAssignedResourceIds": {
          "type": "array",
          "items": {
            "type": "string"
          },
          "nullable": true,
          "metadata": {
            "description": "Optional. The resource ID(s) to assign to the resource."
          }
        }
      },
      "nullable": true
    },
    "lockType": {
      "type": "object",
      "properties": {
        "name": {
          "type": "string",
          "nullable": true,
          "metadata": {
            "description": "Optional. Specify the name of lock."
          }
        },
        "kind": {
          "type": "string",
          "allowedValues": [
            "CanNotDelete",
            "None",
            "ReadOnly"
          ],
          "nullable": true,
          "metadata": {
            "description": "Optional. Specify the type of lock."
          }
        }
      },
      "nullable": true
    },
    "diagnosticSettingType": {
      "type": "array",
      "items": {
        "type": "object",
        "properties": {
          "name": {
            "type": "string",
            "nullable": true,
            "metadata": {
              "description": "Optional. The name of diagnostic setting."
            }
          },
          "logCategoriesAndGroups": {
            "type": "array",
            "items": {
              "type": "object",
              "properties": {
                "category": {
                  "type": "string",
                  "nullable": true,
                  "metadata": {
                    "description": "Optional. Name of a Diagnostic Log category for a resource type this setting is applied to. Set the specific logs to collect here."
                  }
                },
                "categoryGroup": {
                  "type": "string",
                  "nullable": true,
                  "metadata": {
                    "description": "Optional. Name of a Diagnostic Log category group for a resource type this setting is applied to. Set to `allLogs` to collect all logs."
                  }
                },
                "enabled": {
                  "type": "bool",
                  "nullable": true,
                  "metadata": {
                    "description": "Optional. Enable or disable the category explicitly. Default is `true`."
                  }
                }
              }
            },
            "nullable": true,
            "metadata": {
              "description": "Optional. The name of logs that will be streamed. \"allLogs\" includes all possible logs for the resource. Set to `[]` to disable log collection."
            }
          },
          "metricCategories": {
            "type": "array",
            "items": {
              "type": "object",
              "properties": {
                "category": {
                  "type": "string",
                  "metadata": {
                    "description": "Required. Name of a Diagnostic Metric category for a resource type this setting is applied to. Set to `AllMetrics` to collect all metrics."
                  }
                },
                "enabled": {
                  "type": "bool",
                  "nullable": true,
                  "metadata": {
                    "description": "Optional. Enable or disable the category explicitly. Default is `true`."
                  }
                }
              }
            },
            "nullable": true,
            "metadata": {
              "description": "Optional. The name of metrics that will be streamed. \"allMetrics\" includes all possible metrics for the resource. Set to `[]` to disable metric collection."
            }
          },
          "logAnalyticsDestinationType": {
            "type": "string",
            "allowedValues": [
              "AzureDiagnostics",
              "Dedicated"
            ],
            "nullable": true,
            "metadata": {
              "description": "Optional. A string indicating whether the export to Log Analytics should use the default destination type, i.e. AzureDiagnostics, or use a destination type."
            }
          },
          "workspaceResourceId": {
            "type": "string",
            "nullable": true,
            "metadata": {
              "description": "Optional. Resource ID of the diagnostic log analytics workspace. For security reasons, it is recommended to set diagnostic settings to send data to either storage account, log analytics workspace or event hub."
            }
          },
          "storageAccountResourceId": {
            "type": "string",
            "nullable": true,
            "metadata": {
              "description": "Optional. Resource ID of the diagnostic storage account. For security reasons, it is recommended to set diagnostic settings to send data to either storage account, log analytics workspace or event hub."
            }
          },
          "eventHubAuthorizationRuleResourceId": {
            "type": "string",
            "nullable": true,
            "metadata": {
              "description": "Optional. Resource ID of the diagnostic event hub authorization rule for the Event Hubs namespace in which the event hub should be created or streamed to."
            }
          },
          "eventHubName": {
            "type": "string",
            "nullable": true,
            "metadata": {
              "description": "Optional. Name of the diagnostic event hub within the namespace to which logs are streamed. Without this, an event hub is created for each log category. For security reasons, it is recommended to set diagnostic settings to send data to either storage account, log analytics workspace or event hub."
            }
          },
          "marketplacePartnerResourceId": {
            "type": "string",
            "nullable": true,
            "metadata": {
              "description": "Optional. The full ARM resource ID of the Marketplace resource to which you would like to send Diagnostic Logs."
            }
          }
        }
      },
      "nullable": true
    }
  },
  "parameters": {
    "name": {
      "type": "string",
      "minLength": 3,
      "maxLength": 24,
      "metadata": {
        "description": "Required. The name of the DICOM service."
      }
    },
    "workspaceName": {
      "type": "string",
      "metadata": {
        "description": "Conditional. The name of the parent health data services workspace. Required if the template is used in a standalone deployment."
      }
    },
    "corsOrigins": {
      "type": "array",
      "nullable": true,
      "metadata": {
        "description": "Optional. Specify URLs of origin sites that can access this API, or use \"*\" to allow access from any site."
      }
    },
    "corsHeaders": {
      "type": "array",
      "metadata": {
        "description": "Required. Specify HTTP headers which can be used during the request. Use \"*\" for any header."
      }
    },
    "corsMethods": {
      "type": "array",
      "nullable": true,
      "allowedValues": [
        "DELETE",
        "GET",
        "OPTIONS",
        "PATCH",
        "POST",
        "PUT"
      ],
      "metadata": {
        "description": "Optional. Specify the allowed HTTP methods."
      }
    },
    "corsMaxAge": {
      "type": "int",
      "nullable": true,
      "metadata": {
        "description": "Optional. Specify how long a result from a request can be cached in seconds. Example: 600 means 10 minutes."
      }
    },
    "corsAllowCredentials": {
      "type": "bool",
      "defaultValue": false,
      "metadata": {
        "description": "Optional. Use this setting to indicate that cookies should be included in CORS requests."
      }
    },
    "location": {
      "type": "string",
      "defaultValue": "[resourceGroup().location]",
      "metadata": {
        "description": "Optional. Location for all resources."
      }
    },
    "diagnosticSettings": {
      "$ref": "#/definitions/diagnosticSettingType",
      "metadata": {
        "description": "Optional. The diagnostic settings of the service."
      }
    },
    "lock": {
      "$ref": "#/definitions/lockType",
      "metadata": {
        "description": "Optional. The lock settings of the service."
      }
    },
    "publicNetworkAccess": {
      "type": "string",
      "defaultValue": "Disabled",
      "allowedValues": [
        "Disabled",
        "Enabled"
      ],
      "metadata": {
        "description": "Optional. Control permission for data plane traffic coming from public networks while private endpoint is enabled."
      }
    },
    "managedIdentities": {
      "$ref": "#/definitions/managedIdentitiesType",
      "metadata": {
        "description": "Optional. The managed identity definition for this resource."
      }
    },
    "tags": {
      "type": "object",
      "nullable": true,
      "metadata": {
        "description": "Optional. Tags of the resource."
      }
    }
  },
  "variables": {
    "formattedUserAssignedIdentities": "[reduce(map(coalesce(tryGet(parameters('managedIdentities'), 'userAssignedResourceIds'), createArray()), lambda('id', createObject(format('{0}', lambdaVariables('id')), createObject()))), createObject(), lambda('cur', 'next', union(lambdaVariables('cur'), lambdaVariables('next'))))]",
    "identity": "[if(not(empty(parameters('managedIdentities'))), createObject('type', if(coalesce(tryGet(parameters('managedIdentities'), 'systemAssigned'), false()), if(not(empty(coalesce(tryGet(parameters('managedIdentities'), 'userAssignedResourceIds'), createObject()))), 'SystemAssigned,UserAssigned', 'SystemAssigned'), if(not(empty(coalesce(tryGet(parameters('managedIdentities'), 'userAssignedResourceIds'), createObject()))), 'UserAssigned', 'None')), 'userAssignedIdentities', if(not(empty(variables('formattedUserAssignedIdentities'))), variables('formattedUserAssignedIdentities'), null())), null())]"
  },
  "resources": {
    "workspace": {
      "existing": true,
      "type": "Microsoft.HealthcareApis/workspaces",
      "apiVersion": "2022-06-01",
      "name": "[parameters('workspaceName')]"
    },
    "dicom": {
      "type": "Microsoft.HealthcareApis/workspaces/dicomservices",
      "apiVersion": "2022-06-01",
      "name": "[format('{0}/{1}', parameters('workspaceName'), parameters('name'))]",
      "location": "[parameters('location')]",
      "tags": "[parameters('tags')]",
      "identity": "[variables('identity')]",
      "properties": {
        "corsConfiguration": {
          "allowCredentials": "[parameters('corsAllowCredentials')]",
          "headers": "[parameters('corsHeaders')]",
          "maxAge": "[parameters('corsMaxAge')]",
          "methods": "[parameters('corsMethods')]",
          "origins": "[parameters('corsOrigins')]"
        },
        "publicNetworkAccess": "[parameters('publicNetworkAccess')]"
      }
    },
    "dicom_lock": {
      "condition": "[and(not(empty(coalesce(parameters('lock'), createObject()))), not(equals(tryGet(parameters('lock'), 'kind'), 'None')))]",
      "type": "Microsoft.Authorization/locks",
      "apiVersion": "2020-05-01",
      "scope": "[format('Microsoft.HealthcareApis/workspaces/{0}/dicomservices/{1}', parameters('workspaceName'), parameters('name'))]",
      "name": "[coalesce(tryGet(parameters('lock'), 'name'), format('lock-{0}', parameters('name')))]",
      "properties": {
        "level": "[coalesce(tryGet(parameters('lock'), 'kind'), '')]",
        "notes": "[if(equals(tryGet(parameters('lock'), 'kind'), 'CanNotDelete'), 'Cannot delete resource or child resources.', 'Cannot delete or modify the resource or child resources.')]"
      },
      "dependsOn": [
        "dicom"
      ]
    },
    "dicom_diagnosticSettings": {
      "copy": {
        "name": "dicom_diagnosticSettings",
        "count": "[length(coalesce(parameters('diagnosticSettings'), createArray()))]"
      },
      "type": "Microsoft.Insights/diagnosticSettings",
      "apiVersion": "2021-05-01-preview",
      "scope": "[format('Microsoft.HealthcareApis/workspaces/{0}/dicomservices/{1}', parameters('workspaceName'), parameters('name'))]",
      "name": "[coalesce(tryGet(coalesce(parameters('diagnosticSettings'), createArray())[copyIndex()], 'name'), format('{0}-diagnosticSettings', parameters('name')))]",
      "properties": {
        "copy": [
          {
            "name": "metrics",
            "count": "[length(coalesce(tryGet(coalesce(parameters('diagnosticSettings'), createArray())[copyIndex()], 'metricCategories'), createArray(createObject('category', 'AllMetrics'))))]",
            "input": {
              "category": "[coalesce(tryGet(coalesce(parameters('diagnosticSettings'), createArray())[copyIndex()], 'metricCategories'), createArray(createObject('category', 'AllMetrics')))[copyIndex('metrics')].category]",
              "enabled": "[coalesce(tryGet(coalesce(tryGet(coalesce(parameters('diagnosticSettings'), createArray())[copyIndex()], 'metricCategories'), createArray(createObject('category', 'AllMetrics')))[copyIndex('metrics')], 'enabled'), true())]",
              "timeGrain": null
            }
          },
          {
            "name": "logs",
            "count": "[length(coalesce(tryGet(coalesce(parameters('diagnosticSettings'), createArray())[copyIndex()], 'logCategoriesAndGroups'), createArray(createObject('categoryGroup', 'allLogs'))))]",
            "input": {
              "categoryGroup": "[tryGet(coalesce(tryGet(coalesce(parameters('diagnosticSettings'), createArray())[copyIndex()], 'logCategoriesAndGroups'), createArray(createObject('categoryGroup', 'allLogs')))[copyIndex('logs')], 'categoryGroup')]",
              "category": "[tryGet(coalesce(tryGet(coalesce(parameters('diagnosticSettings'), createArray())[copyIndex()], 'logCategoriesAndGroups'), createArray(createObject('categoryGroup', 'allLogs')))[copyIndex('logs')], 'category')]",
              "enabled": "[coalesce(tryGet(coalesce(tryGet(coalesce(parameters('diagnosticSettings'), createArray())[copyIndex()], 'logCategoriesAndGroups'), createArray(createObject('categoryGroup', 'allLogs')))[copyIndex('logs')], 'enabled'), true())]"
            }
          }
        ],
        "storageAccountId": "[tryGet(coalesce(parameters('diagnosticSettings'), createArray())[copyIndex()], 'storageAccountResourceId')]",
        "workspaceId": "[tryGet(coalesce(parameters('diagnosticSettings'), createArray())[copyIndex()], 'workspaceResourceId')]",
        "eventHubAuthorizationRuleId": "[tryGet(coalesce(parameters('diagnosticSettings'), createArray())[copyIndex()], 'eventHubAuthorizationRuleResourceId')]",
        "eventHubName": "[tryGet(coalesce(parameters('diagnosticSettings'), createArray())[copyIndex()], 'eventHubName')]",
        "marketplacePartnerId": "[tryGet(coalesce(parameters('diagnosticSettings'), createArray())[copyIndex()], 'marketplacePartnerResourceId')]",
        "logAnalyticsDestinationType": "[tryGet(coalesce(parameters('diagnosticSettings'), createArray())[copyIndex()], 'logAnalyticsDestinationType')]"
      },
      "dependsOn": [
        "dicom"
      ]
    }
  },
  "outputs": {
    "name": {
      "type": "string",
      "metadata": {
        "description": "The name of the dicom service."
      },
      "value": "[parameters('name')]"
    },
    "resourceId": {
      "type": "string",
      "metadata": {
        "description": "The resource ID of the dicom service."
      },
      "value": "[resourceId('Microsoft.HealthcareApis/workspaces/dicomservices', parameters('workspaceName'), parameters('name'))]"
    },
    "resourceGroupName": {
      "type": "string",
      "metadata": {
        "description": "The resource group where the namespace is deployed."
      },
      "value": "[resourceGroup().name]"
    },
    "systemAssignedMIPrincipalId": {
      "type": "string",
      "nullable": true,
      "metadata": {
        "description": "The principal ID of the system assigned identity."
      },
      "value": "[tryGet(tryGet(reference('dicom', '2022-06-01', 'full'), 'identity'), 'principalId')]"
    },
    "location": {
      "type": "string",
      "metadata": {
        "description": "The location the resource was deployed into."
      },
      "value": "[reference('dicom', '2022-06-01', 'full').location]"
    }
  }
}