{
  "$schema": "https://schema.management.azure.com/schemas/2019-04-01/deploymentTemplate.json#",
  "languageVersion": "2.0",
  "contentVersion": "1.0.0.0",
  "metadata": {
    "_generator": {
      "name": "bicep",
      "version": "0.33.13.18514",
      "templateHash": "14659338227033455504"
    },
    "name": "Automation Account Python 2 Packages",
    "description": "This module deploys a Python2 Package in the Automation Account."
  },
  "parameters": {
    "name": {
      "type": "string",
      "metadata": {
        "description": "Required. Name of the Python2 Automation Account package."
      }
    },
    "automationAccountName": {
      "type": "string",
      "metadata": {
        "description": "Conditional. The name of the parent Automation Account. Required if the template is used in a standalone deployment."
      }
    },
    "uri": {
      "type": "string",
      "metadata": {
        "description": "Required. Package URI, e.g. https://www.powershellgallery.com/api/v2/package."
      }
    },
    "version": {
      "type": "string",
      "defaultValue": "latest",
      "metadata": {
        "description": "Optional. Package version or specify latest to get the latest version."
      }
    },
    "tags": {
      "type": "object",
      "nullable": true,
      "metadata": {
        "description": "Optional. Tags of the Automation Account resource."
      }
    }
  },
  "resources": {
    "automationAccount": {
      "existing": true,
      "type": "Microsoft.Automation/automationAccounts",
      "apiVersion": "2022-08-08",
      "name": "[parameters('automationAccountName')]"
    },
    "python2package": {
      "type": "Microsoft.Automation/automationAccounts/python2Packages",
      "apiVersion": "2023-11-01",
      "name": "[format('{0}/{1}', parameters('automationAccountName'), parameters('name'))]",
      "tags": "[parameters('tags')]",
      "properties": {
        "contentLink": {
          "uri": "[if(not(equals(parameters('version'), 'latest')), format('{0}/{1}/{2}', parameters('uri'), parameters('name'), parameters('version')), format('{0}/{1}', parameters('uri'), parameters('name')))]",
          "version": "[if(not(equals(parameters('version'), 'latest')), parameters('version'), null())]"
        }
      }
    }
  },
  "outputs": {
    "name": {
      "type": "string",
      "metadata": {
        "description": "The name of the deployed package."
      },
      "value": "[parameters('name')]"
    },
    "resourceId": {
      "type": "string",
      "metadata": {
        "description": "The resource ID of the deployed package."
      },
      "value": "[resourceId('Microsoft.Automation/automationAccounts/python2Packages', parameters('automationAccountName'), parameters('name'))]"
    },
    "resourceGroupName": {
      "type": "string",
      "metadata": {
        "description": "The resource group of the deployed package."
      },
      "value": "[resourceGroup().name]"
    },
    "location": {
      "type": "string",
      "metadata": {
        "description": "The location the resource was deployed into."
      },
      "value": "[reference('python2package', '2023-11-01', 'full').location]"
    }
  }
}