{
  "$schema": "https://schema.management.azure.com/schemas/2019-04-01/deploymentTemplate.json#",
  "languageVersion": "2.0",
  "contentVersion": "1.0.0.0",
  "metadata": {
    "_generator": {
      "name": "bicep",
      "version": "0.33.13.18514",
      "templateHash": "17490924263662459340"
    },
    "name": "Elastic SAN Volume Groups",
    "description": "This module deploys an Elastic SAN Volume Group."
  },
  "definitions": {
    "privateEndpointOutputType": {
      "type": "object",
      "properties": {
        "name": {
          "type": "string",
          "metadata": {
            "description": "The name of the private endpoint."
          }
        },
        "resourceId": {
          "type": "string",
          "metadata": {
            "description": "The resource ID of the private endpoint."
          }
        },
        "groupId": {
          "type": "string",
          "nullable": true,
          "metadata": {
            "description": "The group Id for the private endpoint Group."
          }
        },
        "customDnsConfigs": {
          "type": "array",
          "items": {
            "type": "object",
            "properties": {
              "fqdn": {
                "type": "string",
                "nullable": true,
                "metadata": {
                  "description": "FQDN that resolves to private endpoint IP address."
                }
              },
              "ipAddresses": {
                "type": "array",
                "items": {
                  "type": "string"
                },
                "metadata": {
                  "description": "A list of private IP addresses of the private endpoint."
                }
              }
            }
          },
          "metadata": {
            "description": "The custom DNS configurations of the private endpoint."
          }
        },
        "networkInterfaceResourceIds": {
          "type": "array",
          "items": {
            "type": "string"
          },
          "metadata": {
            "description": "The IDs of the network interfaces associated with the private endpoint."
          }
        }
      },
      "metadata": {
        "__bicep_export!": true
      }
    },
    "volumeType": {
      "type": "object",
      "properties": {
        "name": {
          "type": "string",
          "minLength": 3,
          "maxLength": 63,
          "metadata": {
            "description": "Required. The name of the Elastic SAN Volume. The name can only contain lowercase letters, numbers, hyphens and underscores, and must begin and end with a letter or a number. Each hyphen and underscore must be preceded and followed by an alphanumeric character."
          }
        },
        "sizeGiB": {
          "type": "int",
          "minValue": 1,
          "maxValue": 65536,
          "metadata": {
            "description": "Required. Size of the Elastic SAN Volume in Gibibytes (GiB). The supported capacity ranges from 1 Gibibyte (GiB) to 64 Tebibyte (TiB), equating to 65536 Gibibytes (GiB)."
          }
        },
        "snapshots": {
          "type": "array",
          "items": {
            "$ref": "#/definitions/volumeSnapshotType"
          },
          "nullable": true,
          "metadata": {
            "description": "Optional. List of Elastic SAN Volume Snapshots to be created in the Elastic SAN Volume."
          }
        }
      },
      "metadata": {
        "__bicep_export!": true
      }
    },
    "virtualNetworkRuleType": {
      "type": "object",
      "properties": {
        "virtualNetworkSubnetResourceId": {
          "type": "string",
          "minLength": 1,
          "metadata": {
            "description": "Required. The resource ID of the subnet in the virtual network."
          }
        }
      },
      "metadata": {
        "__bicep_export!": true
      }
    },
    "volumeOutputType": {
      "type": "object",
      "properties": {
        "resourceId": {
          "type": "string",
          "metadata": {
            "description": "The resource ID of the deployed Elastic SAN Volume."
          }
        },
        "name": {
          "type": "string",
          "metadata": {
            "description": "The name of the deployed Elastic SAN Volume."
          }
        },
        "location": {
          "type": "string",
          "metadata": {
            "description": "The location of the deployed Elastic SAN Volume."
          }
        },
        "resourceGroupName": {
          "type": "string",
          "metadata": {
            "description": "The resource group of the deployed Elastic SAN Volume."
          }
        },
        "targetIqn": {
          "type": "string",
          "metadata": {
            "description": "The iSCSI Target IQN (iSCSI Qualified Name) of the deployed Elastic SAN Volume."
          }
        },
        "targetPortalHostname": {
          "type": "string",
          "metadata": {
            "description": "The iSCSI Target Portal Host Name of the deployed Elastic SAN Volume."
          }
        },
        "targetPortalPort": {
          "type": "int",
          "metadata": {
            "description": "The iSCSI Target Portal Port of the deployed Elastic SAN Volume."
          }
        },
        "volumeId": {
          "type": "string",
          "metadata": {
            "description": "The volume Id of the deployed Elastic SAN Volume."
          }
        },
        "snapshots": {
          "type": "array",
          "items": {
            "$ref": "#/definitions/volumeSnapshotOutputType"
          },
          "metadata": {
            "description": "Details on the deployed Elastic SAN Volume Snapshots."
          }
        }
      },
      "metadata": {
        "__bicep_export!": true
      }
    },
    "_1.privateEndpointCustomDnsConfigType": {
      "type": "object",
      "properties": {
        "fqdn": {
          "type": "string",
          "nullable": true,
          "metadata": {
            "description": "Optional. FQDN that resolves to private endpoint IP address."
          }
        },
        "ipAddresses": {
          "type": "array",
          "items": {
            "type": "string"
          },
          "metadata": {
            "description": "Required. A list of private IP addresses of the private endpoint."
          }
        }
      },
      "metadata": {
        "__bicep_imported_from!": {
          "sourceTemplate": "br:mcr.microsoft.com/bicep/avm/utl/types/avm-common-types:0.5.1"
        }
      }
    },
    "_1.privateEndpointIpConfigurationType": {
      "type": "object",
      "properties": {
        "name": {
          "type": "string",
          "metadata": {
            "description": "Required. The name of the resource that is unique within a resource group."
          }
        },
        "properties": {
          "type": "object",
          "properties": {
            "groupId": {
              "type": "string",
              "metadata": {
                "description": "Required. The ID of a group obtained from the remote resource that this private endpoint should connect to."
              }
            },
            "memberName": {
              "type": "string",
              "metadata": {
                "description": "Required. The member name of a group obtained from the remote resource that this private endpoint should connect to."
              }
            },
            "privateIPAddress": {
              "type": "string",
              "metadata": {
                "description": "Required. A private IP address obtained from the private endpoint's subnet."
              }
            }
          },
          "metadata": {
            "description": "Required. Properties of private endpoint IP configurations."
          }
        }
      },
      "metadata": {
        "__bicep_imported_from!": {
          "sourceTemplate": "br:mcr.microsoft.com/bicep/avm/utl/types/avm-common-types:0.5.1"
        }
      }
    },
    "_1.privateEndpointPrivateDnsZoneGroupType": {
      "type": "object",
      "properties": {
        "name": {
          "type": "string",
          "nullable": true,
          "metadata": {
            "description": "Optional. The name of the Private DNS Zone Group."
          }
        },
        "privateDnsZoneGroupConfigs": {
          "type": "array",
          "items": {
            "type": "object",
            "properties": {
              "name": {
                "type": "string",
                "nullable": true,
                "metadata": {
                  "description": "Optional. The name of the private DNS Zone Group config."
                }
              },
              "privateDnsZoneResourceId": {
                "type": "string",
                "metadata": {
                  "description": "Required. The resource id of the private DNS zone."
                }
              }
            }
          },
          "metadata": {
            "description": "Required. The private DNS Zone Groups to associate the Private Endpoint. A DNS Zone Group can support up to 5 DNS zones."
          }
        }
      },
      "metadata": {
        "__bicep_imported_from!": {
          "sourceTemplate": "br:mcr.microsoft.com/bicep/avm/utl/types/avm-common-types:0.5.1"
        }
      }
    },
    "_1.roleAssignmentType": {
      "type": "object",
      "properties": {
        "name": {
          "type": "string",
          "nullable": true,
          "metadata": {
            "description": "Optional. The name (as GUID) of the role assignment. If not provided, a GUID will be generated."
          }
        },
        "roleDefinitionIdOrName": {
          "type": "string",
          "metadata": {
            "description": "Required. The role to assign. You can provide either the display name of the role definition, the role definition GUID, or its fully qualified ID in the following format: '/providers/Microsoft.Authorization/roleDefinitions/c2f4ef07-c644-48eb-af81-4b1b4947fb11'."
          }
        },
        "principalId": {
          "type": "string",
          "metadata": {
            "description": "Required. The principal ID of the principal (user/group/identity) to assign the role to."
          }
        },
        "principalType": {
          "type": "string",
          "allowedValues": [
            "Device",
            "ForeignGroup",
            "Group",
            "ServicePrincipal",
            "User"
          ],
          "nullable": true,
          "metadata": {
            "description": "Optional. The principal type of the assigned principal ID."
          }
        },
        "description": {
          "type": "string",
          "nullable": true,
          "metadata": {
            "description": "Optional. The description of the role assignment."
          }
        },
        "condition": {
          "type": "string",
          "nullable": true,
          "metadata": {
            "description": "Optional. The conditions on the role assignment. This limits the resources it can be assigned to. e.g.: @Resource[Microsoft.Storage/storageAccounts/blobServices/containers:ContainerName] StringEqualsIgnoreCase \"foo_storage_container\"."
          }
        },
        "conditionVersion": {
          "type": "string",
          "allowedValues": [
            "2.0"
          ],
          "nullable": true,
          "metadata": {
            "description": "Optional. Version of the condition."
          }
        },
        "delegatedManagedIdentityResourceId": {
          "type": "string",
          "nullable": true,
          "metadata": {
            "description": "Optional. The Resource Id of the delegated managed identity resource."
          }
        }
      },
      "metadata": {
        "description": "An AVM-aligned type for a role assignment.",
        "__bicep_imported_from!": {
          "sourceTemplate": "br:mcr.microsoft.com/bicep/avm/utl/types/avm-common-types:0.5.1"
        }
      }
    },
    "customerManagedKeyType": {
      "type": "object",
      "properties": {
        "keyVaultResourceId": {
          "type": "string",
          "metadata": {
            "description": "Required. The resource ID of a key vault to reference a customer managed key for encryption from."
          }
        },
        "keyName": {
          "type": "string",
          "metadata": {
            "description": "Required. The name of the customer managed key to use for encryption."
          }
        },
        "keyVersion": {
          "type": "string",
          "nullable": true,
          "metadata": {
            "description": "Optional. The version of the customer managed key to reference for encryption. If not provided, the deployment will use the latest version available at deployment time."
          }
        },
        "userAssignedIdentityResourceId": {
          "type": "string",
          "nullable": true,
          "metadata": {
            "description": "Optional. User assigned identity to use when fetching the customer managed key. Required if no system assigned identity is available for use."
          }
        }
      },
      "metadata": {
        "description": "An AVM-aligned type for a customer-managed key. To be used if the resource type does not support auto-rotation of the customer-managed key.",
        "__bicep_imported_from!": {
          "sourceTemplate": "br:mcr.microsoft.com/bicep/avm/utl/types/avm-common-types:0.5.1"
        }
      }
    },
    "lockType": {
      "type": "object",
      "properties": {
        "name": {
          "type": "string",
          "nullable": true,
          "metadata": {
            "description": "Optional. Specify the name of lock."
          }
        },
        "kind": {
          "type": "string",
          "allowedValues": [
            "CanNotDelete",
            "None",
            "ReadOnly"
          ],
          "nullable": true,
          "metadata": {
            "description": "Optional. Specify the type of lock."
          }
        }
      },
      "metadata": {
        "description": "An AVM-aligned type for a lock.",
        "__bicep_imported_from!": {
          "sourceTemplate": "br:mcr.microsoft.com/bicep/avm/utl/types/avm-common-types:0.5.1"
        }
      }
    },
    "managedIdentityAllType": {
      "type": "object",
      "properties": {
        "systemAssigned": {
          "type": "bool",
          "nullable": true,
          "metadata": {
            "description": "Optional. Enables system assigned managed identity on the resource."
          }
        },
        "userAssignedResourceIds": {
          "type": "array",
          "items": {
            "type": "string"
          },
          "nullable": true,
          "metadata": {
            "description": "Optional. The resource ID(s) to assign to the resource. Required if a user assigned identity is used for encryption."
          }
        }
      },
      "metadata": {
        "description": "An AVM-aligned type for a managed identity configuration. To be used if both a system-assigned & user-assigned identities are supported by the resource provider.",
        "__bicep_imported_from!": {
          "sourceTemplate": "br:mcr.microsoft.com/bicep/avm/utl/types/avm-common-types:0.5.1"
        }
      }
    },
    "privateEndpointSingleServiceType": {
      "type": "object",
      "properties": {
        "name": {
          "type": "string",
          "nullable": true,
          "metadata": {
            "description": "Optional. The name of the Private Endpoint."
          }
        },
        "location": {
          "type": "string",
          "nullable": true,
          "metadata": {
            "description": "Optional. The location to deploy the Private Endpoint to."
          }
        },
        "privateLinkServiceConnectionName": {
          "type": "string",
          "nullable": true,
          "metadata": {
            "description": "Optional. The name of the private link connection to create."
          }
        },
        "service": {
          "type": "string",
          "nullable": true,
          "metadata": {
            "description": "Optional. The subresource to deploy the Private Endpoint for. For example \"vault\" for a Key Vault Private Endpoint."
          }
        },
        "subnetResourceId": {
          "type": "string",
          "metadata": {
            "description": "Required. Resource ID of the subnet where the endpoint needs to be created."
          }
        },
        "resourceGroupResourceId": {
          "type": "string",
          "nullable": true,
          "metadata": {
            "description": "Optional. The resource ID of the Resource Group the Private Endpoint will be created in. If not specified, the Resource Group of the provided Virtual Network Subnet is used."
          }
        },
        "privateDnsZoneGroup": {
          "$ref": "#/definitions/_1.privateEndpointPrivateDnsZoneGroupType",
          "nullable": true,
          "metadata": {
            "description": "Optional. The private DNS Zone Group to configure for the Private Endpoint."
          }
        },
        "isManualConnection": {
          "type": "bool",
          "nullable": true,
          "metadata": {
            "description": "Optional. If Manual Private Link Connection is required."
          }
        },
        "manualConnectionRequestMessage": {
          "type": "string",
          "nullable": true,
          "maxLength": 140,
          "metadata": {
            "description": "Optional. A message passed to the owner of the remote resource with the manual connection request."
          }
        },
        "customDnsConfigs": {
          "type": "array",
          "items": {
            "$ref": "#/definitions/_1.privateEndpointCustomDnsConfigType"
          },
          "nullable": true,
          "metadata": {
            "description": "Optional. Custom DNS configurations."
          }
        },
        "ipConfigurations": {
          "type": "array",
          "items": {
            "$ref": "#/definitions/_1.privateEndpointIpConfigurationType"
          },
          "nullable": true,
          "metadata": {
            "description": "Optional. A list of IP configurations of the Private Endpoint. This will be used to map to the first-party Service endpoints."
          }
        },
        "applicationSecurityGroupResourceIds": {
          "type": "array",
          "items": {
            "type": "string"
          },
          "nullable": true,
          "metadata": {
            "description": "Optional. Application security groups in which the Private Endpoint IP configuration is included."
          }
        },
        "customNetworkInterfaceName": {
          "type": "string",
          "nullable": true,
          "metadata": {
            "description": "Optional. The custom name of the network interface attached to the Private Endpoint."
          }
        },
        "lock": {
          "$ref": "#/definitions/lockType",
          "nullable": true,
          "metadata": {
            "description": "Optional. Specify the type of lock."
          }
        },
        "roleAssignments": {
          "type": "array",
          "items": {
            "$ref": "#/definitions/_1.roleAssignmentType"
          },
          "nullable": true,
          "metadata": {
            "description": "Optional. Array of role assignments to create."
          }
        },
        "tags": {
          "type": "object",
          "nullable": true,
          "metadata": {
            "description": "Optional. Tags to be applied on all resources/Resource Groups in this deployment."
          }
        },
        "enableTelemetry": {
          "type": "bool",
          "nullable": true,
          "metadata": {
            "description": "Optional. Enable/Disable usage telemetry for module."
          }
        }
      },
      "metadata": {
        "description": "An AVM-aligned type for a private endpoint. To be used if the private endpoint's default service / groupId can be assumed (i.e., for services that only have one Private Endpoint type like 'vault' for key vault).",
        "__bicep_imported_from!": {
          "sourceTemplate": "br:mcr.microsoft.com/bicep/avm/utl/types/avm-common-types:0.5.1"
        }
      }
    },
    "volumeSnapshotOutputType": {
      "type": "object",
      "properties": {
        "resourceId": {
          "type": "string",
          "metadata": {
            "description": "The resource ID of the deployed Elastic SAN Volume Snapshot."
          }
        },
        "name": {
          "type": "string",
          "metadata": {
            "description": "The name of the deployed Elastic SAN Volume Snapshot."
          }
        },
        "location": {
          "type": "string",
          "metadata": {
            "description": "The location of the deployed Elastic SAN Volume Snapshot."
          }
        },
        "resourceGroupName": {
          "type": "string",
          "metadata": {
            "description": "The resource group of the deployed Elastic SAN Volume Snapshot."
          }
        }
      },
      "metadata": {
        "__bicep_imported_from!": {
          "sourceTemplate": "volume/main.bicep"
        }
      }
    },
    "volumeSnapshotType": {
      "type": "object",
      "properties": {
        "name": {
          "type": "string",
          "minLength": 3,
          "maxLength": 63,
          "metadata": {
            "description": "Required. The name of the Elastic SAN Volume Snapshot. The name can only contain lowercase letters, numbers, hyphens and underscores, and must begin and end with a letter or a number. Each hyphen and underscore must be preceded and followed by an alphanumeric character."
          }
        }
      },
      "metadata": {
        "__bicep_imported_from!": {
          "sourceTemplate": "volume/main.bicep"
        }
      }
    }
  },
  "parameters": {
    "elasticSanName": {
      "type": "string",
      "minLength": 3,
      "maxLength": 24,
      "metadata": {
        "description": "Conditional. The name of the parent Elastic SAN. Required if the template is used in a standalone deployment. The name can only contain lowercase letters, numbers, hyphens and underscores, and must begin and end with a letter or a number. Each hyphen and underscore must be preceded and followed by an alphanumeric character."
      }
    },
    "name": {
      "type": "string",
      "minLength": 3,
      "maxLength": 63,
      "metadata": {
        "description": "Required. The name of the Elastic SAN Volume Group. The name can only contain lowercase letters, numbers and hyphens, and must begin and end with a letter or a number. Each hyphen must be preceded and followed by an alphanumeric character."
      }
    },
    "location": {
      "type": "string",
      "defaultValue": "[resourceGroup().location]",
      "minLength": 1,
      "metadata": {
        "description": "Optional. Location for all resources."
      }
    },
    "volumes": {
      "type": "array",
      "items": {
        "$ref": "#/definitions/volumeType"
      },
      "nullable": true,
      "metadata": {
        "description": "Optional. List of Elastic SAN Volumes to be created in the Elastic SAN Volume Group. Elastic SAN Volume Group can contain up to 1,000 volumes."
      }
    },
    "virtualNetworkRules": {
      "type": "array",
      "items": {
        "$ref": "#/definitions/virtualNetworkRuleType"
      },
      "nullable": true,
      "metadata": {
        "description": "Optional. List of Virtual Network Rules, permitting virtual network subnet to connect to the resource through service endpoint. Each Elastic SAN Volume Group supports up to 200 virtual network rules."
      }
    },
    "managedIdentities": {
      "$ref": "#/definitions/managedIdentityAllType",
      "nullable": true,
      "metadata": {
        "description": "Optional. The managed identity definition for this resource. The Elastic SAN Volume Group supports the following identity combinations: no identity is specified, only system-assigned identity is specified, only user-assigned identity is specified, and both system-assigned and user-assigned identities are specified. A maximum of one user-assigned identity is supported."
      }
    },
    "customerManagedKey": {
      "$ref": "#/definitions/customerManagedKeyType",
      "nullable": true,
      "metadata": {
        "description": "Optional. The customer managed key definition. This parameter enables the encryption of Elastic SAN Volume Group using a customer-managed key. Currently, the only supported configuration is to use the same user-assigned identity for both 'managedIdentities.userAssignedResourceIds' and 'customerManagedKey.userAssignedIdentityResourceId'. Other configurations such as system-assigned identity are not supported. Ensure that the specified user-assigned identity has the 'Key Vault Crypto Service Encryption User' role access to both the key vault and the key itself. The key vault must also have purge protection enabled."
      }
    },
    "privateEndpoints": {
      "type": "array",
      "items": {
        "$ref": "#/definitions/privateEndpointSingleServiceType"
      },
      "nullable": true,
      "metadata": {
        "description": "Optional. Configuration details for private endpoints. For security reasons, it is recommended to use private endpoints whenever possible."
      }
    },
    "tags": {
      "type": "object",
      "nullable": true,
      "metadata": {
        "description": "Optional. Tags of the Elastic SAN Volume Group resource."
      }
    },
    "lock": {
      "$ref": "#/definitions/lockType",
      "nullable": true,
      "metadata": {
        "description": "Optional. The lock settings of the service."
      }
    }
  },
  "variables": {
    "copy": [
      {
        "name": "networkRules",
        "count": "[length(coalesce(parameters('virtualNetworkRules'), createArray()))]",
        "input": {
          "action": "Allow",
          "id": "[coalesce(parameters('virtualNetworkRules'), createArray())[copyIndex('networkRules')].virtualNetworkSubnetResourceId]"
        }
      }
    ],
    "enableReferencedModulesTelemetry": false,
    "formattedUserAssignedIdentities": "[reduce(map(coalesce(tryGet(parameters('managedIdentities'), 'userAssignedResourceIds'), createArray()), lambda('id', createObject(format('{0}', lambdaVariables('id')), createObject()))), createObject(), lambda('cur', 'next', union(lambdaVariables('cur'), lambdaVariables('next'))))]",
    "identity": "[if(not(empty(parameters('managedIdentities'))), createObject('type', if(coalesce(tryGet(parameters('managedIdentities'), 'systemAssigned'), false()), if(not(empty(coalesce(tryGet(parameters('managedIdentities'), 'userAssignedResourceIds'), createObject()))), 'SystemAssigned, UserAssigned', 'SystemAssigned'), if(not(empty(coalesce(tryGet(parameters('managedIdentities'), 'userAssignedResourceIds'), createObject()))), 'UserAssigned', 'None')), 'userAssignedIdentities', if(not(empty(variables('formattedUserAssignedIdentities'))), variables('formattedUserAssignedIdentities'), null())), null())]"
  },
  "resources": {
    "cMKKeyVault::cMKKey": {
      "condition": "[and(not(empty(tryGet(parameters('customerManagedKey'), 'keyVaultResourceId'))), and(not(empty(tryGet(parameters('customerManagedKey'), 'keyVaultResourceId'))), not(empty(tryGet(parameters('customerManagedKey'), 'keyName')))))]",
      "existing": true,
      "type": "Microsoft.KeyVault/vaults/keys",
      "apiVersion": "2023-07-01",
      "subscriptionId": "[split(coalesce(tryGet(parameters('customerManagedKey'), 'keyVaultResourceId'), '//'), '/')[2]]",
      "resourceGroup": "[split(coalesce(tryGet(parameters('customerManagedKey'), 'keyVaultResourceId'), '////'), '/')[4]]",
      "name": "[format('{0}/{1}', last(split(coalesce(tryGet(parameters('customerManagedKey'), 'keyVaultResourceId'), 'dummyVault'), '/')), coalesce(tryGet(parameters('customerManagedKey'), 'keyName'), 'dummyKey'))]"
    },
    "elasticSan": {
      "existing": true,
      "type": "Microsoft.ElasticSan/elasticSans",
      "apiVersion": "2023-01-01",
      "name": "[parameters('elasticSanName')]"
    },
    "cMKKeyVault": {
      "condition": "[not(empty(tryGet(parameters('customerManagedKey'), 'keyVaultResourceId')))]",
      "existing": true,
      "type": "Microsoft.KeyVault/vaults",
      "apiVersion": "2023-07-01",
      "subscriptionId": "[split(coalesce(tryGet(parameters('customerManagedKey'), 'keyVaultResourceId'), '//'), '/')[2]]",
      "resourceGroup": "[split(coalesce(tryGet(parameters('customerManagedKey'), 'keyVaultResourceId'), '////'), '/')[4]]",
      "name": "[last(split(coalesce(tryGet(parameters('customerManagedKey'), 'keyVaultResourceId'), 'dummyVault'), '/'))]"
    },
    "cMKUserAssignedIdentity": {
      "condition": "[not(empty(tryGet(parameters('customerManagedKey'), 'userAssignedIdentityResourceId')))]",
      "existing": true,
      "type": "Microsoft.ManagedIdentity/userAssignedIdentities",
      "apiVersion": "2023-01-31",
      "subscriptionId": "[split(coalesce(tryGet(parameters('customerManagedKey'), 'userAssignedIdentityResourceId'), '//'), '/')[2]]",
      "resourceGroup": "[split(coalesce(tryGet(parameters('customerManagedKey'), 'userAssignedIdentityResourceId'), '////'), '/')[4]]",
      "name": "[last(split(coalesce(tryGet(parameters('customerManagedKey'), 'userAssignedIdentityResourceId'), 'dummyMsi'), '/'))]"
    },
    "volumeGroup": {
      "type": "Microsoft.ElasticSan/elasticSans/volumegroups",
      "apiVersion": "2023-01-01",
      "name": "[format('{0}/{1}', parameters('elasticSanName'), parameters('name'))]",
      "identity": "[variables('identity')]",
      "properties": {
        "encryption": "[if(not(empty(parameters('customerManagedKey'))), 'EncryptionAtRestWithCustomerManagedKey', 'EncryptionAtRestWithPlatformKey')]",
        "encryptionProperties": "[if(not(empty(parameters('customerManagedKey'))), createObject('identity', if(not(empty(tryGet(parameters('customerManagedKey'), 'userAssignedIdentityResourceId'))), createObject('userAssignedIdentity', extensionResourceId(format('/subscriptions/{0}/resourceGroups/{1}', split(coalesce(tryGet(parameters('customerManagedKey'), 'userAssignedIdentityResourceId'), '//'), '/')[2], split(coalesce(tryGet(parameters('customerManagedKey'), 'userAssignedIdentityResourceId'), '////'), '/')[4]), 'Microsoft.ManagedIdentity/userAssignedIdentities', last(split(coalesce(tryGet(parameters('customerManagedKey'), 'userAssignedIdentityResourceId'), 'dummyMsi'), '/')))), null()), 'keyVaultProperties', if(not(empty(parameters('customerManagedKey'))), createObject('keyName', parameters('customerManagedKey').keyName, 'keyVaultUri', reference('cMKKeyVault').vaultUri, 'keyVersion', if(not(empty(coalesce(tryGet(parameters('customerManagedKey'), 'keyVersion'), ''))), tryGet(parameters('customerManagedKey'), 'keyVersion'), last(split(reference('cMKKeyVault::cMKKey').keyUriWithVersion, '/')))), null())), null())]",
        "networkAcls": "[if(not(empty(variables('networkRules'))), createObject('virtualNetworkRules', variables('networkRules')), null())]",
        "protocolType": "Iscsi"
      },
      "dependsOn": [
        "cMKKeyVault::cMKKey",
        "cMKKeyVault"
      ]
    },
    "volumeGroup_volumes": {
      "copy": {
        "name": "volumeGroup_volumes",
        "count": "[length(coalesce(parameters('volumes'), createArray()))]"
      },
      "type": "Microsoft.Resources/deployments",
      "apiVersion": "2022-09-01",
      "name": "[format('{0}-VolumeGroup-Volume-{1}', uniqueString(deployment().name, parameters('location')), copyIndex())]",
      "properties": {
        "expressionEvaluationOptions": {
          "scope": "inner"
        },
        "mode": "Incremental",
        "parameters": {
          "elasticSanName": {
            "value": "[parameters('elasticSanName')]"
          },
          "volumeGroupName": {
            "value": "[parameters('name')]"
          },
          "name": {
            "value": "[coalesce(parameters('volumes'), createArray())[copyIndex()].name]"
          },
          "location": {
            "value": "[parameters('location')]"
          },
          "sizeGiB": {
            "value": "[coalesce(parameters('volumes'), createArray())[copyIndex()].sizeGiB]"
          },
          "snapshots": {
            "value": "[tryGet(coalesce(parameters('volumes'), createArray())[copyIndex()], 'snapshots')]"
          }
        },
        "template": {
          "$schema": "https://schema.management.azure.com/schemas/2019-04-01/deploymentTemplate.json#",
          "languageVersion": "2.0",
          "contentVersion": "1.0.0.0",
          "metadata": {
            "_generator": {
              "name": "bicep",
              "version": "0.33.13.18514",
              "templateHash": "8260850643378717237"
            },
            "name": "Elastic SAN Volumes",
            "description": "This module deploys an Elastic SAN Volume."
          },
          "definitions": {
            "volumeSnapshotType": {
              "type": "object",
              "properties": {
                "name": {
                  "type": "string",
                  "minLength": 3,
                  "maxLength": 63,
                  "metadata": {
                    "description": "Required. The name of the Elastic SAN Volume Snapshot. The name can only contain lowercase letters, numbers, hyphens and underscores, and must begin and end with a letter or a number. Each hyphen and underscore must be preceded and followed by an alphanumeric character."
                  }
                }
              },
              "metadata": {
                "__bicep_export!": true
              }
            },
            "volumeSnapshotOutputType": {
              "type": "object",
              "properties": {
                "resourceId": {
                  "type": "string",
                  "metadata": {
                    "description": "The resource ID of the deployed Elastic SAN Volume Snapshot."
                  }
                },
                "name": {
                  "type": "string",
                  "metadata": {
                    "description": "The name of the deployed Elastic SAN Volume Snapshot."
                  }
                },
                "location": {
                  "type": "string",
                  "metadata": {
                    "description": "The location of the deployed Elastic SAN Volume Snapshot."
                  }
                },
                "resourceGroupName": {
                  "type": "string",
                  "metadata": {
                    "description": "The resource group of the deployed Elastic SAN Volume Snapshot."
                  }
                }
              },
              "metadata": {
                "__bicep_export!": true
              }
            }
          },
          "parameters": {
            "elasticSanName": {
              "type": "string",
              "minLength": 3,
              "maxLength": 24,
              "metadata": {
                "description": "Conditional. The name of the parent Elastic SAN. Required if the template is used in a standalone deployment. The name can only contain lowercase letters, numbers, hyphens and underscores, and must begin and end with a letter or a number. Each hyphen and underscore must be preceded and followed by an alphanumeric character."
              }
            },
            "volumeGroupName": {
              "type": "string",
              "minLength": 3,
              "maxLength": 63,
              "metadata": {
                "description": "Conditional. The name of the parent Elastic SAN Volume Group. Required if the template is used in a standalone deployment. The name can only contain lowercase letters, numbers and hyphens, and must begin and end with a letter or a number. Each hyphen must be preceded and followed by an alphanumeric character."
              }
            },
            "name": {
              "type": "string",
              "minLength": 3,
              "maxLength": 63,
              "metadata": {
                "description": "Required. The name of the Elastic SAN Volume. The name can only contain lowercase letters, numbers, hyphens and underscores, and must begin and end with a letter or a number. Each hyphen and underscore must be preceded and followed by an alphanumeric character."
              }
            },
            "location": {
              "type": "string",
              "defaultValue": "[resourceGroup().location]",
              "minLength": 1,
              "metadata": {
                "description": "Optional. Location for all resources."
              }
            },
            "sizeGiB": {
              "type": "int",
              "minValue": 1,
              "maxValue": 65536,
              "metadata": {
                "description": "Required. Size of the Elastic SAN Volume in Gibibytes (GiB). The supported capacity ranges from 1 Gibibyte (GiB) to 64 Tebibyte (TiB), equating to 65536 Gibibytes (GiB)."
              }
            },
            "snapshots": {
              "type": "array",
              "items": {
                "$ref": "#/definitions/volumeSnapshotType"
              },
              "nullable": true,
              "metadata": {
                "description": "Optional. List of Elastic SAN Volume Snapshots to be created in the Elastic SAN Volume."
              }
            }
          },
          "resources": {
            "elasticSan::volumeGroup": {
              "existing": true,
              "type": "Microsoft.ElasticSan/elasticSans/volumegroups",
              "apiVersion": "2023-01-01",
              "name": "[format('{0}/{1}', parameters('elasticSanName'), parameters('volumeGroupName'))]"
            },
            "elasticSan": {
              "existing": true,
              "type": "Microsoft.ElasticSan/elasticSans",
              "apiVersion": "2023-01-01",
              "name": "[parameters('elasticSanName')]"
            },
            "volume": {
              "type": "Microsoft.ElasticSan/elasticSans/volumegroups/volumes",
              "apiVersion": "2023-01-01",
              "name": "[format('{0}/{1}/{2}', parameters('elasticSanName'), parameters('volumeGroupName'), parameters('name'))]",
              "properties": {
                "sizeGiB": "[parameters('sizeGiB')]"
              }
            },
            "volume_snapshots": {
              "copy": {
                "name": "volume_snapshots",
                "count": "[length(coalesce(parameters('snapshots'), createArray()))]"
              },
              "type": "Microsoft.Resources/deployments",
              "apiVersion": "2022-09-01",
              "name": "[format('{0}-Volume-Snapshot-{1}', uniqueString(deployment().name, parameters('location')), copyIndex())]",
              "properties": {
                "expressionEvaluationOptions": {
                  "scope": "inner"
                },
                "mode": "Incremental",
                "parameters": {
                  "elasticSanName": {
                    "value": "[parameters('elasticSanName')]"
                  },
                  "volumeGroupName": {
                    "value": "[parameters('volumeGroupName')]"
                  },
                  "volumeName": {
                    "value": "[parameters('name')]"
                  },
                  "name": {
                    "value": "[coalesce(parameters('snapshots'), createArray())[copyIndex()].name]"
                  },
                  "location": {
                    "value": "[parameters('location')]"
                  }
                },
                "template": {
                  "$schema": "https://schema.management.azure.com/schemas/2019-04-01/deploymentTemplate.json#",
                  "contentVersion": "1.0.0.0",
                  "metadata": {
                    "_generator": {
                      "name": "bicep",
                      "version": "0.33.13.18514",
                      "templateHash": "4007403623410700025"
                    },
                    "name": "Elastic SAN Volume Snapshots",
                    "description": "This module deploys an Elastic SAN Volume Snapshot."
                  },
                  "parameters": {
                    "elasticSanName": {
                      "type": "string",
                      "minLength": 3,
                      "maxLength": 24,
                      "metadata": {
                        "description": "Conditional. The name of the parent Elastic SAN. Required if the template is used in a standalone deployment. The name can only contain lowercase letters, numbers, hyphens and underscores, and must begin and end with a letter or a number. Each hyphen and underscore must be preceded and followed by an alphanumeric character."
                      }
                    },
                    "volumeGroupName": {
                      "type": "string",
                      "minLength": 3,
                      "maxLength": 63,
                      "metadata": {
                        "description": "Conditional. The name of the parent Elastic SAN Volume Group. Required if the template is used in a standalone deployment. The name can only contain lowercase letters, numbers and hyphens, and must begin and end with a letter or a number. Each hyphen must be preceded and followed by an alphanumeric character."
                      }
                    },
                    "volumeName": {
                      "type": "string",
                      "minLength": 3,
                      "maxLength": 63,
                      "metadata": {
                        "description": "Conditional. The name of the parent Elastic SAN Volume. Required if the template is used in a standalone deployment. The name can only contain lowercase letters, numbers, hyphens and underscores, and must begin and end with a letter or a number. Each hyphen and underscore must be preceded and followed by an alphanumeric character."
                      }
                    },
                    "name": {
                      "type": "string",
                      "minLength": 3,
                      "maxLength": 63,
                      "metadata": {
                        "description": "Required. The name of the Elastic SAN Volume Snapshot. The name can only contain lowercase letters, numbers, hyphens and underscores, and must begin and end with a letter or a number. Each hyphen and underscore must be preceded and followed by an alphanumeric character."
                      }
                    },
                    "location": {
                      "type": "string",
                      "defaultValue": "[resourceGroup().location]",
                      "minLength": 1,
                      "metadata": {
                        "description": "Optional. Location for all resources."
                      }
                    }
                  },
                  "resources": [
                    {
                      "type": "Microsoft.ElasticSan/elasticSans/volumegroups/snapshots",
                      "apiVersion": "2023-01-01",
                      "name": "[format('{0}/{1}/{2}', parameters('elasticSanName'), parameters('volumeGroupName'), parameters('name'))]",
                      "properties": {
                        "creationData": {
                          "sourceId": "[resourceId('Microsoft.ElasticSan/elasticSans/volumegroups/volumes', parameters('elasticSanName'), parameters('volumeGroupName'), parameters('volumeName'))]"
                        }
                      }
                    }
                  ],
                  "outputs": {
                    "resourceId": {
                      "type": "string",
                      "metadata": {
                        "description": "The resource ID of the deployed Elastic SAN Volume Snapshot."
                      },
                      "value": "[resourceId('Microsoft.ElasticSan/elasticSans/volumegroups/snapshots', parameters('elasticSanName'), parameters('volumeGroupName'), parameters('name'))]"
                    },
                    "name": {
                      "type": "string",
                      "metadata": {
                        "description": "The name of the deployed Elastic SAN Volume Snapshot."
                      },
                      "value": "[parameters('name')]"
                    },
                    "location": {
                      "type": "string",
                      "metadata": {
                        "description": "The location of the deployed Elastic SAN Volume Snapshot."
                      },
                      "value": "[parameters('location')]"
                    },
                    "resourceGroupName": {
                      "type": "string",
                      "metadata": {
                        "description": "The resource group of the deployed Elastic SAN Volume Snapshot."
                      },
                      "value": "[resourceGroup().name]"
                    }
                  }
                }
              },
              "dependsOn": [
                "volume"
              ]
            }
          },
          "outputs": {
            "resourceId": {
              "type": "string",
              "metadata": {
                "description": "The resource ID of the deployed Elastic SAN Volume."
              },
              "value": "[resourceId('Microsoft.ElasticSan/elasticSans/volumegroups/volumes', parameters('elasticSanName'), parameters('volumeGroupName'), parameters('name'))]"
            },
            "name": {
              "type": "string",
              "metadata": {
                "description": "The name of the deployed Elastic SAN Volume."
              },
              "value": "[parameters('name')]"
            },
            "location": {
              "type": "string",
              "metadata": {
                "description": "The location of the deployed Elastic SAN Volume."
              },
              "value": "[parameters('location')]"
            },
            "resourceGroupName": {
              "type": "string",
              "metadata": {
                "description": "The resource group of the deployed Elastic SAN Volume."
              },
              "value": "[resourceGroup().name]"
            },
            "targetIqn": {
              "type": "string",
              "metadata": {
                "description": "The iSCSI Target IQN (iSCSI Qualified Name) of the deployed Elastic SAN Volume."
              },
              "value": "[reference('volume').storageTarget.targetIqn]"
            },
            "targetPortalHostname": {
              "type": "string",
              "metadata": {
                "description": "The iSCSI Target Portal Host Name of the deployed Elastic SAN Volume."
              },
              "value": "[reference('volume').storageTarget.targetPortalHostname]"
            },
            "targetPortalPort": {
              "type": "int",
              "metadata": {
                "description": "The iSCSI Target Portal Port of the deployed Elastic SAN Volume."
              },
              "value": "[reference('volume').storageTarget.targetPortalPort]"
            },
            "volumeId": {
              "type": "string",
              "metadata": {
                "description": "The volume Id of the deployed Elastic SAN Volume."
              },
              "value": "[reference('volume').volumeId]"
            },
            "snapshots": {
              "type": "array",
              "items": {
                "$ref": "#/definitions/volumeSnapshotOutputType"
              },
              "metadata": {
                "description": "Details on the deployed Elastic SAN Volume Snapshots."
              },
              "copy": {
                "count": "[length(coalesce(parameters('snapshots'), createArray()))]",
                "input": {
                  "resourceId": "[reference(format('volume_snapshots[{0}]', copyIndex())).outputs.resourceId.value]",
                  "name": "[reference(format('volume_snapshots[{0}]', copyIndex())).outputs.name.value]",
                  "location": "[reference(format('volume_snapshots[{0}]', copyIndex())).outputs.location.value]",
                  "resourceGroupName": "[reference(format('volume_snapshots[{0}]', copyIndex())).outputs.resourceGroupName.value]"
                }
              }
            }
          }
        }
      },
      "dependsOn": [
        "volumeGroup"
      ]
    },
    "volumeGroup_privateEndpoints": {
      "copy": {
        "name": "volumeGroup_privateEndpoints",
        "count": "[length(coalesce(parameters('privateEndpoints'), createArray()))]"
      },
      "type": "Microsoft.Resources/deployments",
      "apiVersion": "2022-09-01",
      "name": "[format('{0}-ElasticSan-PrivateEndpoint-{1}', uniqueString(deployment().name, parameters('location')), copyIndex())]",
      "subscriptionId": "[split(coalesce(tryGet(coalesce(parameters('privateEndpoints'), createArray())[copyIndex()], 'resourceGroupResourceId'), resourceGroup().id), '/')[2]]",
      "resourceGroup": "[split(coalesce(tryGet(coalesce(parameters('privateEndpoints'), createArray())[copyIndex()], 'resourceGroupResourceId'), resourceGroup().id), '/')[4]]",
      "properties": {
        "expressionEvaluationOptions": {
          "scope": "inner"
        },
        "mode": "Incremental",
        "parameters": {
          "name": {
            "value": "[coalesce(tryGet(coalesce(parameters('privateEndpoints'), createArray())[copyIndex()], 'name'), format('pep-{0}-{1}-{2}', last(split(resourceId('Microsoft.ElasticSan/elasticSans', parameters('elasticSanName')), '/')), coalesce(tryGet(coalesce(parameters('privateEndpoints'), createArray())[copyIndex()], 'service'), parameters('name')), copyIndex()))]"
          },
          "privateLinkServiceConnections": "[if(not(equals(tryGet(coalesce(parameters('privateEndpoints'), createArray())[copyIndex()], 'isManualConnection'), true())), createObject('value', createArray(createObject('name', coalesce(tryGet(coalesce(parameters('privateEndpoints'), createArray())[copyIndex()], 'privateLinkServiceConnectionName'), format('{0}-{1}-{2}', last(split(resourceId('Microsoft.ElasticSan/elasticSans', parameters('elasticSanName')), '/')), coalesce(tryGet(coalesce(parameters('privateEndpoints'), createArray())[copyIndex()], 'service'), parameters('name')), copyIndex())), 'properties', createObject('privateLinkServiceId', resourceId('Microsoft.ElasticSan/elasticSans', parameters('elasticSanName')), 'groupIds', createArray(coalesce(tryGet(coalesce(parameters('privateEndpoints'), createArray())[copyIndex()], 'service'), parameters('name'))))))), createObject('value', null()))]",
          "manualPrivateLinkServiceConnections": "[if(equals(tryGet(coalesce(parameters('privateEndpoints'), createArray())[copyIndex()], 'isManualConnection'), true()), createObject('value', createArray(createObject('name', coalesce(tryGet(coalesce(parameters('privateEndpoints'), createArray())[copyIndex()], 'privateLinkServiceConnectionName'), format('{0}-{1}-{2}', last(split(resourceId('Microsoft.ElasticSan/elasticSans', parameters('elasticSanName')), '/')), coalesce(tryGet(coalesce(parameters('privateEndpoints'), createArray())[copyIndex()], 'service'), parameters('name')), copyIndex())), 'properties', createObject('privateLinkServiceId', resourceId('Microsoft.ElasticSan/elasticSans', parameters('elasticSanName')), 'groupIds', createArray(coalesce(tryGet(coalesce(parameters('privateEndpoints'), createArray())[copyIndex()], 'service'), parameters('name'))), 'requestMessage', coalesce(tryGet(coalesce(parameters('privateEndpoints'), createArray())[copyIndex()], 'manualConnectionRequestMessage'), 'Manual approval required.'))))), createObject('value', null()))]",
          "subnetResourceId": {
            "value": "[coalesce(parameters('privateEndpoints'), createArray())[copyIndex()].subnetResourceId]"
          },
          "enableTelemetry": {
            "value": "[variables('enableReferencedModulesTelemetry')]"
          },
          "location": {
            "value": "[coalesce(tryGet(coalesce(parameters('privateEndpoints'), createArray())[copyIndex()], 'location'), reference(split(coalesce(parameters('privateEndpoints'), createArray())[copyIndex()].subnetResourceId, '/subnets/')[0], '2020-06-01', 'Full').location)]"
          },
          "lock": {
            "value": "[coalesce(tryGet(coalesce(parameters('privateEndpoints'), createArray())[copyIndex()], 'lock'), parameters('lock'))]"
          },
          "privateDnsZoneGroup": {
            "value": "[tryGet(coalesce(parameters('privateEndpoints'), createArray())[copyIndex()], 'privateDnsZoneGroup')]"
          },
          "roleAssignments": {
            "value": "[tryGet(coalesce(parameters('privateEndpoints'), createArray())[copyIndex()], 'roleAssignments')]"
          },
          "tags": {
            "value": "[coalesce(tryGet(coalesce(parameters('privateEndpoints'), createArray())[copyIndex()], 'tags'), parameters('tags'))]"
          },
          "customDnsConfigs": {
            "value": "[tryGet(coalesce(parameters('privateEndpoints'), createArray())[copyIndex()], 'customDnsConfigs')]"
          },
          "ipConfigurations": {
            "value": "[tryGet(coalesce(parameters('privateEndpoints'), createArray())[copyIndex()], 'ipConfigurations')]"
          },
          "applicationSecurityGroupResourceIds": {
            "value": "[tryGet(coalesce(parameters('privateEndpoints'), createArray())[copyIndex()], 'applicationSecurityGroupResourceIds')]"
          },
          "customNetworkInterfaceName": {
            "value": "[tryGet(coalesce(parameters('privateEndpoints'), createArray())[copyIndex()], 'customNetworkInterfaceName')]"
          }
        },
        "template": {
          "$schema": "https://schema.management.azure.com/schemas/2019-04-01/deploymentTemplate.json#",
          "languageVersion": "2.0",
          "contentVersion": "1.0.0.0",
          "metadata": {
            "_generator": {
              "name": "bicep",
              "version": "0.33.13.18514",
              "templateHash": "15954548978129725136"
            },
            "name": "Private Endpoints",
            "description": "This module deploys a Private Endpoint."
          },
          "definitions": {
            "privateDnsZoneGroupType": {
              "type": "object",
              "properties": {
                "name": {
                  "type": "string",
                  "nullable": true,
                  "metadata": {
                    "description": "Optional. The name of the Private DNS Zone Group."
                  }
                },
                "privateDnsZoneGroupConfigs": {
                  "type": "array",
                  "items": {
                    "$ref": "#/definitions/privateDnsZoneGroupConfigType"
                  },
                  "metadata": {
                    "description": "Required. The private DNS zone groups to associate the private endpoint. A DNS zone group can support up to 5 DNS zones."
                  }
                }
              },
              "metadata": {
                "__bicep_export!": true
              }
            },
            "ipConfigurationType": {
              "type": "object",
              "properties": {
                "name": {
                  "type": "string",
                  "metadata": {
                    "description": "Required. The name of the resource that is unique within a resource group."
                  }
                },
                "properties": {
                  "type": "object",
                  "properties": {
                    "groupId": {
                      "type": "string",
                      "metadata": {
                        "description": "Required. The ID of a group obtained from the remote resource that this private endpoint should connect to. If used with private link service connection, this property must be defined as empty string."
                      }
                    },
                    "memberName": {
                      "type": "string",
                      "metadata": {
                        "description": "Required. The member name of a group obtained from the remote resource that this private endpoint should connect to. If used with private link service connection, this property must be defined as empty string."
                      }
                    },
                    "privateIPAddress": {
                      "type": "string",
                      "metadata": {
                        "description": "Required. A private IP address obtained from the private endpoint's subnet."
                      }
                    }
                  },
                  "metadata": {
                    "description": "Required. Properties of private endpoint IP configurations."
                  }
                }
              },
              "metadata": {
                "__bicep_export!": true
              }
            },
            "privateLinkServiceConnectionType": {
              "type": "object",
              "properties": {
                "name": {
                  "type": "string",
                  "metadata": {
                    "description": "Required. The name of the private link service connection."
                  }
                },
                "properties": {
                  "type": "object",
                  "properties": {
                    "groupIds": {
                      "type": "array",
                      "items": {
                        "type": "string"
                      },
                      "metadata": {
                        "description": "Required. The ID of a group obtained from the remote resource that this private endpoint should connect to. If used with private link service connection, this property must be defined as empty string array `[]`."
                      }
                    },
                    "privateLinkServiceId": {
                      "type": "string",
                      "metadata": {
                        "description": "Required. The resource id of private link service."
                      }
                    },
                    "requestMessage": {
                      "type": "string",
                      "nullable": true,
                      "metadata": {
                        "description": "Optional. A message passed to the owner of the remote resource with this connection request. Restricted to 140 chars."
                      }
                    }
                  },
                  "metadata": {
                    "description": "Required. Properties of private link service connection."
                  }
                }
              },
              "metadata": {
                "__bicep_export!": true
              }
            },
            "customDnsConfigType": {
              "type": "object",
              "properties": {
                "fqdn": {
                  "type": "string",
                  "nullable": true,
                  "metadata": {
                    "description": "Optional. FQDN that resolves to private endpoint IP address."
                  }
                },
                "ipAddresses": {
                  "type": "array",
                  "items": {
                    "type": "string"
                  },
                  "metadata": {
                    "description": "Required. A list of private IP addresses of the private endpoint."
                  }
                }
              },
              "metadata": {
                "__bicep_export!": true
              }
            },
            "lockType": {
              "type": "object",
              "properties": {
                "name": {
                  "type": "string",
                  "nullable": true,
                  "metadata": {
                    "description": "Optional. Specify the name of lock."
                  }
                },
                "kind": {
                  "type": "string",
                  "allowedValues": [
                    "CanNotDelete",
                    "None",
                    "ReadOnly"
                  ],
                  "nullable": true,
                  "metadata": {
                    "description": "Optional. Specify the type of lock."
                  }
                }
              },
              "metadata": {
                "description": "An AVM-aligned type for a lock.",
                "__bicep_imported_from!": {
                  "sourceTemplate": "br:mcr.microsoft.com/bicep/avm/utl/types/avm-common-types:0.5.1"
                }
              }
            },
            "privateDnsZoneGroupConfigType": {
              "type": "object",
              "properties": {
                "name": {
                  "type": "string",
                  "nullable": true,
                  "metadata": {
                    "description": "Optional. The name of the private DNS zone group config."
                  }
                },
                "privateDnsZoneResourceId": {
                  "type": "string",
                  "metadata": {
                    "description": "Required. The resource id of the private DNS zone."
                  }
                }
              },
              "metadata": {
                "__bicep_imported_from!": {
                  "sourceTemplate": "private-dns-zone-group/main.bicep"
                }
              }
            },
            "roleAssignmentType": {
              "type": "object",
              "properties": {
                "name": {
                  "type": "string",
                  "nullable": true,
                  "metadata": {
                    "description": "Optional. The name (as GUID) of the role assignment. If not provided, a GUID will be generated."
                  }
                },
                "roleDefinitionIdOrName": {
                  "type": "string",
                  "metadata": {
                    "description": "Required. The role to assign. You can provide either the display name of the role definition, the role definition GUID, or its fully qualified ID in the following format: '/providers/Microsoft.Authorization/roleDefinitions/c2f4ef07-c644-48eb-af81-4b1b4947fb11'."
                  }
                },
                "principalId": {
                  "type": "string",
                  "metadata": {
                    "description": "Required. The principal ID of the principal (user/group/identity) to assign the role to."
                  }
                },
                "principalType": {
                  "type": "string",
                  "allowedValues": [
                    "Device",
                    "ForeignGroup",
                    "Group",
                    "ServicePrincipal",
                    "User"
                  ],
                  "nullable": true,
                  "metadata": {
                    "description": "Optional. The principal type of the assigned principal ID."
                  }
                },
                "description": {
                  "type": "string",
                  "nullable": true,
                  "metadata": {
                    "description": "Optional. The description of the role assignment."
                  }
                },
                "condition": {
                  "type": "string",
                  "nullable": true,
                  "metadata": {
                    "description": "Optional. The conditions on the role assignment. This limits the resources it can be assigned to. e.g.: @Resource[Microsoft.Storage/storageAccounts/blobServices/containers:ContainerName] StringEqualsIgnoreCase \"foo_storage_container\"."
                  }
                },
                "conditionVersion": {
                  "type": "string",
                  "allowedValues": [
                    "2.0"
                  ],
                  "nullable": true,
                  "metadata": {
                    "description": "Optional. Version of the condition."
                  }
                },
                "delegatedManagedIdentityResourceId": {
                  "type": "string",
                  "nullable": true,
                  "metadata": {
                    "description": "Optional. The Resource Id of the delegated managed identity resource."
                  }
                }
              },
              "metadata": {
                "description": "An AVM-aligned type for a role assignment.",
                "__bicep_imported_from!": {
                  "sourceTemplate": "br:mcr.microsoft.com/bicep/avm/utl/types/avm-common-types:0.5.1"
                }
              }
            }
          },
          "parameters": {
            "name": {
              "type": "string",
              "metadata": {
                "description": "Required. Name of the private endpoint resource to create."
              }
            },
            "subnetResourceId": {
              "type": "string",
              "metadata": {
                "description": "Required. Resource ID of the subnet where the endpoint needs to be created."
              }
            },
            "applicationSecurityGroupResourceIds": {
              "type": "array",
              "items": {
                "type": "string"
              },
              "nullable": true,
              "metadata": {
                "description": "Optional. Application security groups in which the private endpoint IP configuration is included."
              }
            },
            "customNetworkInterfaceName": {
              "type": "string",
              "nullable": true,
              "metadata": {
                "description": "Optional. The custom name of the network interface attached to the private endpoint."
              }
            },
            "ipConfigurations": {
              "type": "array",
              "items": {
                "$ref": "#/definitions/ipConfigurationType"
              },
              "nullable": true,
              "metadata": {
                "description": "Optional. A list of IP configurations of the private endpoint. This will be used to map to the First Party Service endpoints."
              }
            },
            "privateDnsZoneGroup": {
              "$ref": "#/definitions/privateDnsZoneGroupType",
              "nullable": true,
              "metadata": {
                "description": "Optional. The private DNS zone group to configure for the private endpoint."
              }
            },
            "location": {
              "type": "string",
              "defaultValue": "[resourceGroup().location]",
              "metadata": {
                "description": "Optional. Location for all Resources."
              }
            },
            "lock": {
              "$ref": "#/definitions/lockType",
              "nullable": true,
              "metadata": {
                "description": "Optional. The lock settings of the service."
              }
            },
            "roleAssignments": {
              "type": "array",
              "items": {
                "$ref": "#/definitions/roleAssignmentType"
              },
              "nullable": true,
              "metadata": {
                "description": "Optional. Array of role assignments to create."
              }
            },
            "tags": {
              "type": "object",
              "nullable": true,
              "metadata": {
                "description": "Optional. Tags to be applied on all resources/resource groups in this deployment."
              }
            },
            "customDnsConfigs": {
              "type": "array",
              "items": {
                "$ref": "#/definitions/customDnsConfigType"
              },
              "nullable": true,
              "metadata": {
                "description": "Optional. Custom DNS configurations."
              }
            },
            "manualPrivateLinkServiceConnections": {
              "type": "array",
              "items": {
                "$ref": "#/definitions/privateLinkServiceConnectionType"
              },
              "nullable": true,
              "metadata": {
                "description": "Conditional. A grouping of information about the connection to the remote resource. Used when the network admin does not have access to approve connections to the remote resource. Required if `privateLinkServiceConnections` is empty."
              }
            },
            "privateLinkServiceConnections": {
              "type": "array",
              "items": {
                "$ref": "#/definitions/privateLinkServiceConnectionType"
              },
              "nullable": true,
              "metadata": {
                "description": "Conditional. A grouping of information about the connection to the remote resource. Required if `manualPrivateLinkServiceConnections` is empty."
              }
            },
            "enableTelemetry": {
              "type": "bool",
              "defaultValue": true,
              "metadata": {
                "description": "Optional. Enable/Disable usage telemetry for module."
              }
            }
          },
          "variables": {
            "copy": [
              {
                "name": "formattedRoleAssignments",
                "count": "[length(coalesce(parameters('roleAssignments'), createArray()))]",
                "input": "[union(coalesce(parameters('roleAssignments'), createArray())[copyIndex('formattedRoleAssignments')], createObject('roleDefinitionId', coalesce(tryGet(variables('builtInRoleNames'), coalesce(parameters('roleAssignments'), createArray())[copyIndex('formattedRoleAssignments')].roleDefinitionIdOrName), if(contains(coalesce(parameters('roleAssignments'), createArray())[copyIndex('formattedRoleAssignments')].roleDefinitionIdOrName, '/providers/Microsoft.Authorization/roleDefinitions/'), coalesce(parameters('roleAssignments'), createArray())[copyIndex('formattedRoleAssignments')].roleDefinitionIdOrName, subscriptionResourceId('Microsoft.Authorization/roleDefinitions', coalesce(parameters('roleAssignments'), createArray())[copyIndex('formattedRoleAssignments')].roleDefinitionIdOrName)))))]"
              }
            ],
            "builtInRoleNames": {
              "Contributor": "[subscriptionResourceId('Microsoft.Authorization/roleDefinitions', 'b24988ac-6180-42a0-ab88-20f7382dd24c')]",
              "DNS Resolver Contributor": "[subscriptionResourceId('Microsoft.Authorization/roleDefinitions', '0f2ebee7-ffd4-4fc0-b3b7-664099fdad5d')]",
              "DNS Zone Contributor": "[subscriptionResourceId('Microsoft.Authorization/roleDefinitions', 'befefa01-2a29-4197-83a8-272ff33ce314')]",
              "Domain Services Contributor": "[subscriptionResourceId('Microsoft.Authorization/roleDefinitions', 'eeaeda52-9324-47f6-8069-5d5bade478b2')]",
              "Domain Services Reader": "[subscriptionResourceId('Microsoft.Authorization/roleDefinitions', '361898ef-9ed1-48c2-849c-a832951106bb')]",
              "Network Contributor": "[subscriptionResourceId('Microsoft.Authorization/roleDefinitions', '4d97b98b-1d4f-4787-a291-c67834d212e7')]",
              "Owner": "[subscriptionResourceId('Microsoft.Authorization/roleDefinitions', '8e3af657-a8ff-443c-a75c-2fe8c4bcb635')]",
              "Private DNS Zone Contributor": "[subscriptionResourceId('Microsoft.Authorization/roleDefinitions', 'b12aa53e-6015-4669-85d0-8515ebb3ae7f')]",
              "Reader": "[subscriptionResourceId('Microsoft.Authorization/roleDefinitions', 'acdd72a7-3385-48ef-bd42-f606fba81ae7')]",
              "Role Based Access Control Administrator": "[subscriptionResourceId('Microsoft.Authorization/roleDefinitions', 'f58310d9-a9f6-439a-9e8d-f62e7b41a168')]"
            }
          },
          "resources": {
            "avmTelemetry": {
              "condition": "[parameters('enableTelemetry')]",
              "type": "Microsoft.Resources/deployments",
              "apiVersion": "2024-03-01",
              "name": "[format('46d3xbcp.res.network-privateendpoint.{0}.{1}', replace('0.10.1', '.', '-'), substring(uniqueString(deployment().name, parameters('location')), 0, 4))]",
              "properties": {
                "mode": "Incremental",
                "template": {
                  "$schema": "https://schema.management.azure.com/schemas/2019-04-01/deploymentTemplate.json#",
                  "contentVersion": "1.0.0.0",
                  "resources": [],
                  "outputs": {
                    "telemetry": {
                      "type": "String",
                      "value": "For more information, see https://aka.ms/avm/TelemetryInfo"
                    }
                  }
                }
              }
            },
            "privateEndpoint": {
              "type": "Microsoft.Network/privateEndpoints",
              "apiVersion": "2023-11-01",
              "name": "[parameters('name')]",
              "location": "[parameters('location')]",
              "tags": "[parameters('tags')]",
              "properties": {
                "copy": [
                  {
                    "name": "applicationSecurityGroups",
                    "count": "[length(coalesce(parameters('applicationSecurityGroupResourceIds'), createArray()))]",
                    "input": {
                      "id": "[coalesce(parameters('applicationSecurityGroupResourceIds'), createArray())[copyIndex('applicationSecurityGroups')]]"
                    }
                  }
                ],
                "customDnsConfigs": "[coalesce(parameters('customDnsConfigs'), createArray())]",
                "customNetworkInterfaceName": "[coalesce(parameters('customNetworkInterfaceName'), '')]",
                "ipConfigurations": "[coalesce(parameters('ipConfigurations'), createArray())]",
                "manualPrivateLinkServiceConnections": "[coalesce(parameters('manualPrivateLinkServiceConnections'), createArray())]",
                "privateLinkServiceConnections": "[coalesce(parameters('privateLinkServiceConnections'), createArray())]",
                "subnet": {
                  "id": "[parameters('subnetResourceId')]"
                }
              }
            },
            "privateEndpoint_lock": {
              "condition": "[and(not(empty(coalesce(parameters('lock'), createObject()))), not(equals(tryGet(parameters('lock'), 'kind'), 'None')))]",
              "type": "Microsoft.Authorization/locks",
              "apiVersion": "2020-05-01",
              "scope": "[format('Microsoft.Network/privateEndpoints/{0}', parameters('name'))]",
              "name": "[coalesce(tryGet(parameters('lock'), 'name'), format('lock-{0}', parameters('name')))]",
              "properties": {
                "level": "[coalesce(tryGet(parameters('lock'), 'kind'), '')]",
                "notes": "[if(equals(tryGet(parameters('lock'), 'kind'), 'CanNotDelete'), 'Cannot delete resource or child resources.', 'Cannot delete or modify the resource or child resources.')]"
              },
              "dependsOn": [
                "privateEndpoint"
              ]
            },
            "privateEndpoint_roleAssignments": {
              "copy": {
                "name": "privateEndpoint_roleAssignments",
                "count": "[length(coalesce(variables('formattedRoleAssignments'), createArray()))]"
              },
              "type": "Microsoft.Authorization/roleAssignments",
              "apiVersion": "2022-04-01",
              "scope": "[format('Microsoft.Network/privateEndpoints/{0}', parameters('name'))]",
              "name": "[coalesce(tryGet(coalesce(variables('formattedRoleAssignments'), createArray())[copyIndex()], 'name'), guid(resourceId('Microsoft.Network/privateEndpoints', parameters('name')), coalesce(variables('formattedRoleAssignments'), createArray())[copyIndex()].principalId, coalesce(variables('formattedRoleAssignments'), createArray())[copyIndex()].roleDefinitionId))]",
              "properties": {
                "roleDefinitionId": "[coalesce(variables('formattedRoleAssignments'), createArray())[copyIndex()].roleDefinitionId]",
                "principalId": "[coalesce(variables('formattedRoleAssignments'), createArray())[copyIndex()].principalId]",
                "description": "[tryGet(coalesce(variables('formattedRoleAssignments'), createArray())[copyIndex()], 'description')]",
                "principalType": "[tryGet(coalesce(variables('formattedRoleAssignments'), createArray())[copyIndex()], 'principalType')]",
                "condition": "[tryGet(coalesce(variables('formattedRoleAssignments'), createArray())[copyIndex()], 'condition')]",
                "conditionVersion": "[if(not(empty(tryGet(coalesce(variables('formattedRoleAssignments'), createArray())[copyIndex()], 'condition'))), coalesce(tryGet(coalesce(variables('formattedRoleAssignments'), createArray())[copyIndex()], 'conditionVersion'), '2.0'), null())]",
                "delegatedManagedIdentityResourceId": "[tryGet(coalesce(variables('formattedRoleAssignments'), createArray())[copyIndex()], 'delegatedManagedIdentityResourceId')]"
              },
              "dependsOn": [
                "privateEndpoint"
              ]
            },
            "privateEndpoint_privateDnsZoneGroup": {
              "condition": "[not(empty(parameters('privateDnsZoneGroup')))]",
              "type": "Microsoft.Resources/deployments",
              "apiVersion": "2022-09-01",
              "name": "[format('{0}-PrivateEndpoint-PrivateDnsZoneGroup', uniqueString(deployment().name))]",
              "properties": {
                "expressionEvaluationOptions": {
                  "scope": "inner"
                },
                "mode": "Incremental",
                "parameters": {
                  "name": {
                    "value": "[tryGet(parameters('privateDnsZoneGroup'), 'name')]"
                  },
                  "privateEndpointName": {
                    "value": "[parameters('name')]"
                  },
                  "privateDnsZoneConfigs": {
                    "value": "[parameters('privateDnsZoneGroup').privateDnsZoneGroupConfigs]"
                  }
                },
                "template": {
                  "$schema": "https://schema.management.azure.com/schemas/2019-04-01/deploymentTemplate.json#",
                  "languageVersion": "2.0",
                  "contentVersion": "1.0.0.0",
                  "metadata": {
                    "_generator": {
                      "name": "bicep",
                      "version": "0.33.13.18514",
                      "templateHash": "5440815542537978381"
                    },
                    "name": "Private Endpoint Private DNS Zone Groups",
                    "description": "This module deploys a Private Endpoint Private DNS Zone Group."
                  },
                  "definitions": {
                    "privateDnsZoneGroupConfigType": {
                      "type": "object",
                      "properties": {
                        "name": {
                          "type": "string",
                          "nullable": true,
                          "metadata": {
                            "description": "Optional. The name of the private DNS zone group config."
                          }
                        },
                        "privateDnsZoneResourceId": {
                          "type": "string",
                          "metadata": {
                            "description": "Required. The resource id of the private DNS zone."
                          }
                        }
                      },
                      "metadata": {
                        "__bicep_export!": true
                      }
                    }
                  },
                  "parameters": {
                    "privateEndpointName": {
                      "type": "string",
                      "metadata": {
                        "description": "Conditional. The name of the parent private endpoint. Required if the template is used in a standalone deployment."
                      }
                    },
                    "privateDnsZoneConfigs": {
                      "type": "array",
                      "items": {
                        "$ref": "#/definitions/privateDnsZoneGroupConfigType"
                      },
                      "minLength": 1,
                      "maxLength": 5,
                      "metadata": {
                        "description": "Required. Array of private DNS zone configurations of the private DNS zone group. A DNS zone group can support up to 5 DNS zones."
                      }
                    },
                    "name": {
                      "type": "string",
                      "defaultValue": "default",
                      "metadata": {
                        "description": "Optional. The name of the private DNS zone group."
                      }
                    }
                  },
                  "variables": {
                    "copy": [
                      {
                        "name": "privateDnsZoneConfigsVar",
                        "count": "[length(parameters('privateDnsZoneConfigs'))]",
                        "input": {
                          "name": "[coalesce(tryGet(parameters('privateDnsZoneConfigs')[copyIndex('privateDnsZoneConfigsVar')], 'name'), last(split(parameters('privateDnsZoneConfigs')[copyIndex('privateDnsZoneConfigsVar')].privateDnsZoneResourceId, '/')))]",
                          "properties": {
                            "privateDnsZoneId": "[parameters('privateDnsZoneConfigs')[copyIndex('privateDnsZoneConfigsVar')].privateDnsZoneResourceId]"
                          }
                        }
                      }
                    ]
                  },
                  "resources": {
                    "privateEndpoint": {
                      "existing": true,
                      "type": "Microsoft.Network/privateEndpoints",
                      "apiVersion": "2023-11-01",
                      "name": "[parameters('privateEndpointName')]"
                    },
                    "privateDnsZoneGroup": {
                      "type": "Microsoft.Network/privateEndpoints/privateDnsZoneGroups",
                      "apiVersion": "2023-11-01",
                      "name": "[format('{0}/{1}', parameters('privateEndpointName'), parameters('name'))]",
                      "properties": {
                        "privateDnsZoneConfigs": "[variables('privateDnsZoneConfigsVar')]"
                      }
                    }
                  },
                  "outputs": {
                    "name": {
                      "type": "string",
                      "metadata": {
                        "description": "The name of the private endpoint DNS zone group."
                      },
                      "value": "[parameters('name')]"
                    },
                    "resourceId": {
                      "type": "string",
                      "metadata": {
                        "description": "The resource ID of the private endpoint DNS zone group."
                      },
                      "value": "[resourceId('Microsoft.Network/privateEndpoints/privateDnsZoneGroups', parameters('privateEndpointName'), parameters('name'))]"
                    },
                    "resourceGroupName": {
                      "type": "string",
                      "metadata": {
                        "description": "The resource group the private endpoint DNS zone group was deployed into."
                      },
                      "value": "[resourceGroup().name]"
                    }
                  }
                }
              },
              "dependsOn": [
                "privateEndpoint"
              ]
            }
          },
          "outputs": {
            "resourceGroupName": {
              "type": "string",
              "metadata": {
                "description": "The resource group the private endpoint was deployed into."
              },
              "value": "[resourceGroup().name]"
            },
            "resourceId": {
              "type": "string",
              "metadata": {
                "description": "The resource ID of the private endpoint."
              },
              "value": "[resourceId('Microsoft.Network/privateEndpoints', parameters('name'))]"
            },
            "name": {
              "type": "string",
              "metadata": {
                "description": "The name of the private endpoint."
              },
              "value": "[parameters('name')]"
            },
            "location": {
              "type": "string",
              "metadata": {
                "description": "The location the resource was deployed into."
              },
              "value": "[reference('privateEndpoint', '2023-11-01', 'full').location]"
            },
            "customDnsConfigs": {
              "type": "array",
              "items": {
                "$ref": "#/definitions/customDnsConfigType"
              },
              "metadata": {
                "description": "The custom DNS configurations of the private endpoint."
              },
              "value": "[reference('privateEndpoint').customDnsConfigs]"
            },
            "networkInterfaceResourceIds": {
              "type": "array",
              "items": {
                "type": "string"
              },
              "metadata": {
                "description": "The resource IDs of the network interfaces associated with the private endpoint."
              },
              "value": "[map(reference('privateEndpoint').networkInterfaces, lambda('nic', lambdaVariables('nic').id))]"
            },
            "groupId": {
              "type": "string",
              "nullable": true,
              "metadata": {
                "description": "The group Id for the private endpoint Group."
              },
              "value": "[coalesce(tryGet(tryGet(tryGet(tryGet(reference('privateEndpoint'), 'manualPrivateLinkServiceConnections'), 0, 'properties'), 'groupIds'), 0), tryGet(tryGet(tryGet(tryGet(reference('privateEndpoint'), 'privateLinkServiceConnections'), 0, 'properties'), 'groupIds'), 0))]"
            }
          }
        }
      },
      "dependsOn": [
        "volumeGroup"
      ]
    }
  },
  "outputs": {
    "resourceId": {
      "type": "string",
      "metadata": {
        "description": "The resource ID of the deployed Elastic SAN Volume Group."
      },
      "value": "[resourceId('Microsoft.ElasticSan/elasticSans/volumegroups', parameters('elasticSanName'), parameters('name'))]"
    },
    "name": {
      "type": "string",
      "metadata": {
        "description": "The name of the deployed Elastic SAN Volume Group."
      },
      "value": "[parameters('name')]"
    },
    "location": {
      "type": "string",
      "metadata": {
        "description": "The location of the deployed Elastic SAN Volume Group."
      },
      "value": "[parameters('location')]"
    },
    "resourceGroupName": {
      "type": "string",
      "metadata": {
        "description": "The resource group of the deployed Elastic SAN Volume Group."
      },
      "value": "[resourceGroup().name]"
    },
    "systemAssignedMIPrincipalId": {
      "type": "string",
      "nullable": true,
      "metadata": {
        "description": "The principal ID of the system assigned identity of the deployed Elastic SAN Volume Group."
      },
      "value": "[tryGet(tryGet(reference('volumeGroup', '2023-01-01', 'full'), 'identity'), 'principalId')]"
    },
    "volumes": {
      "type": "array",
      "items": {
        "$ref": "#/definitions/volumeOutputType"
      },
      "metadata": {
        "description": "Details on the deployed Elastic SAN Volumes."
      },
      "copy": {
        "count": "[length(coalesce(parameters('volumes'), createArray()))]",
        "input": {
          "resourceId": "[reference(format('volumeGroup_volumes[{0}]', copyIndex())).outputs.resourceId.value]",
          "name": "[reference(format('volumeGroup_volumes[{0}]', copyIndex())).outputs.name.value]",
          "location": "[reference(format('volumeGroup_volumes[{0}]', copyIndex())).outputs.location.value]",
          "resourceGroupName": "[reference(format('volumeGroup_volumes[{0}]', copyIndex())).outputs.resourceGroupName.value]",
          "targetIqn": "[reference(format('volumeGroup_volumes[{0}]', copyIndex())).outputs.targetIqn.value]",
          "targetPortalHostname": "[reference(format('volumeGroup_volumes[{0}]', copyIndex())).outputs.targetPortalHostname.value]",
          "targetPortalPort": "[reference(format('volumeGroup_volumes[{0}]', copyIndex())).outputs.targetPortalPort.value]",
          "volumeId": "[reference(format('volumeGroup_volumes[{0}]', copyIndex())).outputs.volumeId.value]",
          "snapshots": "[reference(format('volumeGroup_volumes[{0}]', copyIndex())).outputs.snapshots.value]"
        }
      }
    },
    "privateEndpoints": {
      "type": "array",
      "items": {
        "$ref": "#/definitions/privateEndpointOutputType"
      },
      "metadata": {
        "description": "The private endpoints of the Elastic SAN Volume Group."
      },
      "copy": {
        "count": "[length(coalesce(parameters('privateEndpoints'), createArray()))]",
        "input": {
          "name": "[reference(format('volumeGroup_privateEndpoints[{0}]', copyIndex())).outputs.name.value]",
          "resourceId": "[reference(format('volumeGroup_privateEndpoints[{0}]', copyIndex())).outputs.resourceId.value]",
          "groupId": "[tryGet(tryGet(reference(format('volumeGroup_privateEndpoints[{0}]', copyIndex())).outputs, 'groupId'), 'value')]",
          "customDnsConfigs": "[reference(format('volumeGroup_privateEndpoints[{0}]', copyIndex())).outputs.customDnsConfigs.value]",
          "networkInterfaceResourceIds": "[reference(format('volumeGroup_privateEndpoints[{0}]', copyIndex())).outputs.networkInterfaceResourceIds.value]"
        }
      }
    }
  }
}