{
  "$schema": "https://schema.management.azure.com/schemas/2019-04-01/deploymentTemplate.json#",
  "languageVersion": "2.0",
  "contentVersion": "1.0.0.0",
  "metadata": {
    "_generator": {
      "name": "bicep",
      "version": "0.33.13.18514",
      "templateHash": "4724766961857917183"
    },
    "name": "Automation Account Credential",
    "description": "This module deploys Azure Automation Account Credential."
  },
  "parameters": {
    "automationAccountName": {
      "type": "string",
      "metadata": {
        "description": "Conditional. The name of the parent Automation Account. Required if the template is used in a standalone deployment."
      }
    },
    "name": {
      "type": "string",
      "metadata": {
        "description": "Required. Name of the Automation Account credential."
      }
    },
    "userName": {
      "type": "string",
      "metadata": {
        "description": "Required. The user name associated to the credential."
      }
    },
    "password": {
      "type": "securestring",
      "metadata": {
        "description": "Required. Password of the credential."
      }
    },
    "description": {
      "type": "string",
      "nullable": true,
      "metadata": {
        "description": "Optional. Description of the credential."
      }
    }
  },
  "resources": {
    "automationAccount": {
      "existing": true,
      "type": "Microsoft.Automation/automationAccounts",
      "apiVersion": "2022-08-08",
      "name": "[parameters('automationAccountName')]"
    },
    "credential": {
      "type": "Microsoft.Automation/automationAccounts/credentials",
      "apiVersion": "2023-11-01",
      "name": "[format('{0}/{1}', parameters('automationAccountName'), parameters('name'))]",
      "properties": {
        "password": "[parameters('password')]",
        "userName": "[parameters('userName')]",
        "description": "[coalesce(parameters('description'), '')]"
      }
    }
  },
  "outputs": {
    "resourceId": {
      "type": "string",
      "metadata": {
        "description": "The resource Id of the credential associated to the automation account."
      },
      "value": "[resourceId('Microsoft.Automation/automationAccounts/credentials', parameters('automationAccountName'), parameters('name'))]"
    },
    "name": {
      "type": "string",
      "metadata": {
        "description": "The name of the credential associated to the automation account."
      },
      "value": "[parameters('name')]"
    },
    "resourceGroupName": {
      "type": "string",
      "metadata": {
        "description": "The resource group of the deployed credential."
      },
      "value": "[resourceGroup().name]"
    }
  }
}