{
  "$schema": "https://schema.management.azure.com/schemas/2019-04-01/deploymentTemplate.json#",
  "languageVersion": "2.0",
  "contentVersion": "1.0.0.0",
  "metadata": {
    "_generator": {
      "name": "bicep",
      "version": "0.33.93.31351",
      "templateHash": "9349570189899951030"
    },
    "name": "Batch Accounts",
    "description": "This module deploys a Batch Account."
  },
  "definitions": {
    "networkProfileType": {
      "type": "object",
      "properties": {
        "accountAccess": {
          "$ref": "#/definitions/endpointAccessProfileType",
          "nullable": true,
          "metadata": {
            "description": "Optional. Network access profile for batchAccount endpoint (Batch account data plane API)."
          }
        },
        "nodeManagementAccess": {
          "$ref": "#/definitions/endpointAccessProfileType",
          "nullable": true,
          "metadata": {
            "description": "Optional. Network access profile for nodeManagement endpoint (Batch service managing compute nodes for Batch pools)."
          }
        }
      },
      "metadata": {
        "__bicep_export!": true
      }
    },
    "endpointAccessProfileType": {
      "type": "object",
      "properties": {
        "defaultAction": {
          "type": "string",
          "allowedValues": [
            "Allow",
            "Deny"
          ],
          "nullable": true,
          "metadata": {
            "description": "Optional. Default action for endpoint access. If not specified, defaults to Deny."
          }
        },
        "allowedIpRules": {
          "type": "array",
          "nullable": true,
          "metadata": {
            "description": "Optional. Array of IP ranges to filter client IP address."
          }
        }
      },
      "metadata": {
        "__bicep_export!": true
      }
    },
    "_1.privateEndpointCustomDnsConfigType": {
      "type": "object",
      "properties": {
        "fqdn": {
          "type": "string",
          "nullable": true,
          "metadata": {
            "description": "Optional. FQDN that resolves to private endpoint IP address."
          }
        },
        "ipAddresses": {
          "type": "array",
          "items": {
            "type": "string"
          },
          "metadata": {
            "description": "Required. A list of private IP addresses of the private endpoint."
          }
        }
      },
      "metadata": {
        "__bicep_imported_from!": {
          "sourceTemplate": "br:mcr.microsoft.com/bicep/avm/utl/types/avm-common-types:0.4.0"
        }
      }
    },
    "_1.privateEndpointIpConfigurationType": {
      "type": "object",
      "properties": {
        "name": {
          "type": "string",
          "metadata": {
            "description": "Required. The name of the resource that is unique within a resource group."
          }
        },
        "properties": {
          "type": "object",
          "properties": {
            "groupId": {
              "type": "string",
              "metadata": {
                "description": "Required. The ID of a group obtained from the remote resource that this private endpoint should connect to."
              }
            },
            "memberName": {
              "type": "string",
              "metadata": {
                "description": "Required. The member name of a group obtained from the remote resource that this private endpoint should connect to."
              }
            },
            "privateIPAddress": {
              "type": "string",
              "metadata": {
                "description": "Required. A private IP address obtained from the private endpoint's subnet."
              }
            }
          },
          "metadata": {
            "description": "Required. Properties of private endpoint IP configurations."
          }
        }
      },
      "metadata": {
        "__bicep_imported_from!": {
          "sourceTemplate": "br:mcr.microsoft.com/bicep/avm/utl/types/avm-common-types:0.4.0"
        }
      }
    },
    "_1.privateEndpointPrivateDnsZoneGroupType": {
      "type": "object",
      "properties": {
        "name": {
          "type": "string",
          "nullable": true,
          "metadata": {
            "description": "Optional. The name of the Private DNS Zone Group."
          }
        },
        "privateDnsZoneGroupConfigs": {
          "type": "array",
          "items": {
            "type": "object",
            "properties": {
              "name": {
                "type": "string",
                "nullable": true,
                "metadata": {
                  "description": "Optional. The name of the private DNS Zone Group config."
                }
              },
              "privateDnsZoneResourceId": {
                "type": "string",
                "metadata": {
                  "description": "Required. The resource id of the private DNS zone."
                }
              }
            }
          },
          "metadata": {
            "description": "Required. The private DNS Zone Groups to associate the Private Endpoint. A DNS Zone Group can support up to 5 DNS zones."
          }
        }
      },
      "metadata": {
        "__bicep_imported_from!": {
          "sourceTemplate": "br:mcr.microsoft.com/bicep/avm/utl/types/avm-common-types:0.4.0"
        }
      }
    },
    "customerManagedKeyWithAutoRotateType": {
      "type": "object",
      "properties": {
        "keyVaultResourceId": {
          "type": "string",
          "metadata": {
            "description": "Required. The resource ID of a key vault to reference a customer managed key for encryption from."
          }
        },
        "keyName": {
          "type": "string",
          "metadata": {
            "description": "Required. The name of the customer managed key to use for encryption."
          }
        },
        "keyVersion": {
          "type": "string",
          "nullable": true,
          "metadata": {
            "description": "Optional. The version of the customer managed key to reference for encryption. If not provided, using version as per 'autoRotationEnabled' setting."
          }
        },
        "autoRotationEnabled": {
          "type": "bool",
          "nullable": true,
          "metadata": {
            "description": "Optional. Enable or disable auto-rotating to the latest key version. Default is `true`. If set to `false`, the latest key version at the time of the deployment is used."
          }
        },
        "userAssignedIdentityResourceId": {
          "type": "string",
          "nullable": true,
          "metadata": {
            "description": "Optional. User assigned identity to use when fetching the customer managed key. Required if no system assigned identity is available for use."
          }
        }
      },
      "metadata": {
        "description": "An AVM-aligned type for a customer-managed key. To be used if the resource type supports auto-rotation of the customer-managed key.",
        "__bicep_imported_from!": {
          "sourceTemplate": "br:mcr.microsoft.com/bicep/avm/utl/types/avm-common-types:0.4.0"
        }
      }
    },
    "diagnosticSettingFullType": {
      "type": "object",
      "properties": {
        "name": {
          "type": "string",
          "nullable": true,
          "metadata": {
            "description": "Optional. The name of the diagnostic setting."
          }
        },
        "logCategoriesAndGroups": {
          "type": "array",
          "items": {
            "type": "object",
            "properties": {
              "category": {
                "type": "string",
                "nullable": true,
                "metadata": {
                  "description": "Optional. Name of a Diagnostic Log category for a resource type this setting is applied to. Set the specific logs to collect here."
                }
              },
              "categoryGroup": {
                "type": "string",
                "nullable": true,
                "metadata": {
                  "description": "Optional. Name of a Diagnostic Log category group for a resource type this setting is applied to. Set to `allLogs` to collect all logs."
                }
              },
              "enabled": {
                "type": "bool",
                "nullable": true,
                "metadata": {
                  "description": "Optional. Enable or disable the category explicitly. Default is `true`."
                }
              }
            }
          },
          "nullable": true,
          "metadata": {
            "description": "Optional. The name of logs that will be streamed. \"allLogs\" includes all possible logs for the resource. Set to `[]` to disable log collection."
          }
        },
        "metricCategories": {
          "type": "array",
          "items": {
            "type": "object",
            "properties": {
              "category": {
                "type": "string",
                "metadata": {
                  "description": "Required. Name of a Diagnostic Metric category for a resource type this setting is applied to. Set to `AllMetrics` to collect all metrics."
                }
              },
              "enabled": {
                "type": "bool",
                "nullable": true,
                "metadata": {
                  "description": "Optional. Enable or disable the category explicitly. Default is `true`."
                }
              }
            }
          },
          "nullable": true,
          "metadata": {
            "description": "Optional. The name of metrics that will be streamed. \"allMetrics\" includes all possible metrics for the resource. Set to `[]` to disable metric collection."
          }
        },
        "logAnalyticsDestinationType": {
          "type": "string",
          "allowedValues": [
            "AzureDiagnostics",
            "Dedicated"
          ],
          "nullable": true,
          "metadata": {
            "description": "Optional. A string indicating whether the export to Log Analytics should use the default destination type, i.e. AzureDiagnostics, or use a destination type."
          }
        },
        "workspaceResourceId": {
          "type": "string",
          "nullable": true,
          "metadata": {
            "description": "Optional. Resource ID of the diagnostic log analytics workspace. For security reasons, it is recommended to set diagnostic settings to send data to either storage account, log analytics workspace or event hub."
          }
        },
        "storageAccountResourceId": {
          "type": "string",
          "nullable": true,
          "metadata": {
            "description": "Optional. Resource ID of the diagnostic storage account. For security reasons, it is recommended to set diagnostic settings to send data to either storage account, log analytics workspace or event hub."
          }
        },
        "eventHubAuthorizationRuleResourceId": {
          "type": "string",
          "nullable": true,
          "metadata": {
            "description": "Optional. Resource ID of the diagnostic event hub authorization rule for the Event Hubs namespace in which the event hub should be created or streamed to."
          }
        },
        "eventHubName": {
          "type": "string",
          "nullable": true,
          "metadata": {
            "description": "Optional. Name of the diagnostic event hub within the namespace to which logs are streamed. Without this, an event hub is created for each log category. For security reasons, it is recommended to set diagnostic settings to send data to either storage account, log analytics workspace or event hub."
          }
        },
        "marketplacePartnerResourceId": {
          "type": "string",
          "nullable": true,
          "metadata": {
            "description": "Optional. The full ARM resource ID of the Marketplace resource to which you would like to send Diagnostic Logs."
          }
        }
      },
      "metadata": {
        "description": "An AVM-aligned type for a diagnostic setting. To be used if both logs & metrics are supported by the resource provider.",
        "__bicep_imported_from!": {
          "sourceTemplate": "br:mcr.microsoft.com/bicep/avm/utl/types/avm-common-types:0.4.0"
        }
      }
    },
    "lockType": {
      "type": "object",
      "properties": {
        "name": {
          "type": "string",
          "nullable": true,
          "metadata": {
            "description": "Optional. Specify the name of lock."
          }
        },
        "kind": {
          "type": "string",
          "allowedValues": [
            "CanNotDelete",
            "None",
            "ReadOnly"
          ],
          "nullable": true,
          "metadata": {
            "description": "Optional. Specify the type of lock."
          }
        }
      },
      "metadata": {
        "description": "An AVM-aligned type for a lock.",
        "__bicep_imported_from!": {
          "sourceTemplate": "br:mcr.microsoft.com/bicep/avm/utl/types/avm-common-types:0.4.0"
        }
      }
    },
    "managedIdentityAllType": {
      "type": "object",
      "properties": {
        "systemAssigned": {
          "type": "bool",
          "nullable": true,
          "metadata": {
            "description": "Optional. Enables system assigned managed identity on the resource."
          }
        },
        "userAssignedResourceIds": {
          "type": "array",
          "items": {
            "type": "string"
          },
          "nullable": true,
          "metadata": {
            "description": "Optional. The resource ID(s) to assign to the resource. Required if a user assigned identity is used for encryption."
          }
        }
      },
      "metadata": {
        "description": "An AVM-aligned type for a managed identity configuration. To be used if both a system-assigned & user-assigned identities are supported by the resource provider.",
        "__bicep_imported_from!": {
          "sourceTemplate": "br:mcr.microsoft.com/bicep/avm/utl/types/avm-common-types:0.4.0"
        }
      }
    },
    "privateEndpointMultiServiceType": {
      "type": "object",
      "properties": {
        "name": {
          "type": "string",
          "nullable": true,
          "metadata": {
            "description": "Optional. The name of the private endpoint."
          }
        },
        "location": {
          "type": "string",
          "nullable": true,
          "metadata": {
            "description": "Optional. The location to deploy the private endpoint to."
          }
        },
        "privateLinkServiceConnectionName": {
          "type": "string",
          "nullable": true,
          "metadata": {
            "description": "Optional. The name of the private link connection to create."
          }
        },
        "service": {
          "type": "string",
          "metadata": {
            "description": "Required. The subresource to deploy the private endpoint for. For example \"blob\", \"table\", \"queue\" or \"file\" for a Storage Account's Private Endpoints."
          }
        },
        "subnetResourceId": {
          "type": "string",
          "metadata": {
            "description": "Required. Resource ID of the subnet where the endpoint needs to be created."
          }
        },
        "privateDnsZoneGroup": {
          "$ref": "#/definitions/_1.privateEndpointPrivateDnsZoneGroupType",
          "nullable": true,
          "metadata": {
            "description": "Optional. The private DNS zone group to configure for the private endpoint."
          }
        },
        "isManualConnection": {
          "type": "bool",
          "nullable": true,
          "metadata": {
            "description": "Optional. If Manual Private Link Connection is required."
          }
        },
        "manualConnectionRequestMessage": {
          "type": "string",
          "nullable": true,
          "maxLength": 140,
          "metadata": {
            "description": "Optional. A message passed to the owner of the remote resource with the manual connection request."
          }
        },
        "customDnsConfigs": {
          "type": "array",
          "items": {
            "$ref": "#/definitions/_1.privateEndpointCustomDnsConfigType"
          },
          "nullable": true,
          "metadata": {
            "description": "Optional. Custom DNS configurations."
          }
        },
        "ipConfigurations": {
          "type": "array",
          "items": {
            "$ref": "#/definitions/_1.privateEndpointIpConfigurationType"
          },
          "nullable": true,
          "metadata": {
            "description": "Optional. A list of IP configurations of the private endpoint. This will be used to map to the First Party Service endpoints."
          }
        },
        "applicationSecurityGroupResourceIds": {
          "type": "array",
          "items": {
            "type": "string"
          },
          "nullable": true,
          "metadata": {
            "description": "Optional. Application security groups in which the private endpoint IP configuration is included."
          }
        },
        "customNetworkInterfaceName": {
          "type": "string",
          "nullable": true,
          "metadata": {
            "description": "Optional. The custom name of the network interface attached to the private endpoint."
          }
        },
        "lock": {
          "$ref": "#/definitions/lockType",
          "nullable": true,
          "metadata": {
            "description": "Optional. Specify the type of lock."
          }
        },
        "roleAssignments": {
          "type": "array",
          "items": {
            "$ref": "#/definitions/roleAssignmentType"
          },
          "nullable": true,
          "metadata": {
            "description": "Optional. Array of role assignments to create."
          }
        },
        "tags": {
          "type": "object",
          "nullable": true,
          "metadata": {
            "description": "Optional. Tags to be applied on all resources/resource groups in this deployment."
          }
        },
        "enableTelemetry": {
          "type": "bool",
          "nullable": true,
          "metadata": {
            "description": "Optional. Enable/Disable usage telemetry for module."
          }
        },
        "resourceGroupName": {
          "type": "string",
          "nullable": true,
          "metadata": {
            "description": "Optional. Specify if you want to deploy the Private Endpoint into a different resource group than the main resource."
          }
        }
      },
      "metadata": {
        "description": "An AVM-aligned type for a private endpoint. To be used if the private endpoint's default service / groupId can NOT be assumed (i.e., for services that have more than one subresource, like Storage Account with Blob (blob, table, queue, file, ...).",
        "__bicep_imported_from!": {
          "sourceTemplate": "br:mcr.microsoft.com/bicep/avm/utl/types/avm-common-types:0.4.0"
        }
      }
    },
    "roleAssignmentType": {
      "type": "object",
      "properties": {
        "name": {
          "type": "string",
          "nullable": true,
          "metadata": {
            "description": "Optional. The name (as GUID) of the role assignment. If not provided, a GUID will be generated."
          }
        },
        "roleDefinitionIdOrName": {
          "type": "string",
          "metadata": {
            "description": "Required. The role to assign. You can provide either the display name of the role definition, the role definition GUID, or its fully qualified ID in the following format: '/providers/Microsoft.Authorization/roleDefinitions/c2f4ef07-c644-48eb-af81-4b1b4947fb11'."
          }
        },
        "principalId": {
          "type": "string",
          "metadata": {
            "description": "Required. The principal ID of the principal (user/group/identity) to assign the role to."
          }
        },
        "principalType": {
          "type": "string",
          "allowedValues": [
            "Device",
            "ForeignGroup",
            "Group",
            "ServicePrincipal",
            "User"
          ],
          "nullable": true,
          "metadata": {
            "description": "Optional. The principal type of the assigned principal ID."
          }
        },
        "description": {
          "type": "string",
          "nullable": true,
          "metadata": {
            "description": "Optional. The description of the role assignment."
          }
        },
        "condition": {
          "type": "string",
          "nullable": true,
          "metadata": {
            "description": "Optional. The conditions on the role assignment. This limits the resources it can be assigned to. e.g.: @Resource[Microsoft.Storage/storageAccounts/blobServices/containers:ContainerName] StringEqualsIgnoreCase \"foo_storage_container\"."
          }
        },
        "conditionVersion": {
          "type": "string",
          "allowedValues": [
            "2.0"
          ],
          "nullable": true,
          "metadata": {
            "description": "Optional. Version of the condition."
          }
        },
        "delegatedManagedIdentityResourceId": {
          "type": "string",
          "nullable": true,
          "metadata": {
            "description": "Optional. The Resource Id of the delegated managed identity resource."
          }
        }
      },
      "metadata": {
        "description": "An AVM-aligned type for a role assignment.",
        "__bicep_imported_from!": {
          "sourceTemplate": "br:mcr.microsoft.com/bicep/avm/utl/types/avm-common-types:0.4.0"
        }
      }
    }
  },
  "parameters": {
    "name": {
      "type": "string",
      "metadata": {
        "description": "Required. Name of the Azure Batch."
      }
    },
    "location": {
      "type": "string",
      "defaultValue": "[resourceGroup().location]",
      "metadata": {
        "description": "Optional. Location for all Resources."
      }
    },
    "storageAccountId": {
      "type": "string",
      "metadata": {
        "description": "Required. The resource ID of the storage account to be used for auto-storage account."
      }
    },
    "storageAuthenticationMode": {
      "type": "string",
      "defaultValue": "StorageKeys",
      "allowedValues": [
        "BatchAccountManagedIdentity",
        "StorageKeys"
      ],
      "metadata": {
        "description": "Optional. The authentication mode which the Batch service will use to manage the auto-storage account."
      }
    },
    "storageAccessIdentityResourceId": {
      "type": "string",
      "nullable": true,
      "metadata": {
        "description": "Optional. The resource ID of a user assigned identity assigned to pools which have compute nodes that need access to auto-storage."
      }
    },
    "poolAllocationMode": {
      "type": "string",
      "defaultValue": "BatchService",
      "allowedValues": [
        "BatchService",
        "UserSubscription"
      ],
      "metadata": {
        "description": "Optional. The allocation mode for creating pools in the Batch account. Determines which quota will be used."
      }
    },
    "keyVaultReferenceResourceId": {
      "type": "string",
      "nullable": true,
      "metadata": {
        "description": "Conditional. The key vault to associate with the Batch account. Required if the 'poolAllocationMode' is set to 'UserSubscription' and requires the service principal 'Microsoft Azure Batch' to be granted contributor permissions on this key vault."
      }
    },
    "privateEndpoints": {
      "type": "array",
      "items": {
        "$ref": "#/definitions/privateEndpointMultiServiceType"
      },
      "nullable": true,
      "metadata": {
        "description": "Optional. Configuration details for private endpoints. For security reasons, it is recommended to use private endpoints whenever possible."
      }
    },
    "publicNetworkAccess": {
      "type": "string",
      "defaultValue": "",
      "allowedValues": [
        "",
        "Enabled",
        "Disabled"
      ],
      "metadata": {
        "description": "Optional. Whether or not public network access is allowed for this resource. For security reasons it should be disabled. If not specified, it will be disabled by default if private endpoints are set and networkProfile is not set."
      }
    },
    "networkProfile": {
      "$ref": "#/definitions/networkProfileType",
      "nullable": true,
      "metadata": {
        "description": "Optional. Network access profile. It is only applicable when publicNetworkAccess is not explicitly disabled."
      }
    },
    "lock": {
      "$ref": "#/definitions/lockType",
      "nullable": true,
      "metadata": {
        "description": "Optional. The lock settings of the service."
      }
    },
    "roleAssignments": {
      "type": "array",
      "items": {
        "$ref": "#/definitions/roleAssignmentType"
      },
      "nullable": true,
      "metadata": {
        "description": "Optional. Array of role assignments to create."
      }
    },
    "tags": {
      "type": "object",
      "nullable": true,
      "metadata": {
        "description": "Optional. Tags of the resource."
      }
    },
    "allowedAuthenticationModes": {
      "type": "array",
      "nullable": true,
      "allowedValues": [
        "AAD",
        "SharedKey",
        "TaskAuthenticationToken"
      ],
      "metadata": {
        "description": "Optional. List of allowed authentication modes for the Batch account that can be used to authenticate with the data plane."
      }
    },
    "enableTelemetry": {
      "type": "bool",
      "defaultValue": true,
      "metadata": {
        "description": "Optional. Enable/Disable usage telemetry for module."
      }
    },
    "diagnosticSettings": {
      "type": "array",
      "items": {
        "$ref": "#/definitions/diagnosticSettingFullType"
      },
      "nullable": true,
      "metadata": {
        "description": "Optional. The diagnostic settings of the service."
      }
    },
    "customerManagedKey": {
      "$ref": "#/definitions/customerManagedKeyWithAutoRotateType",
      "nullable": true,
      "metadata": {
        "description": "Optional. The customer managed key definition."
      }
    },
    "managedIdentities": {
      "$ref": "#/definitions/managedIdentityAllType",
      "nullable": true,
      "metadata": {
        "description": "Optional. The managed identity definition for this resource."
      }
    }
  },
  "variables": {
    "copy": [
      {
        "name": "accountAccessNetworkProfileIpRules",
        "count": "[length(coalesce(tryGet(tryGet(parameters('networkProfile'), 'accountAccess'), 'allowedIpRules'), createArray()))]",
        "input": {
          "action": "Allow",
          "value": "[coalesce(tryGet(tryGet(parameters('networkProfile'), 'accountAccess'), 'allowedIpRules'), createArray())[copyIndex('accountAccessNetworkProfileIpRules')]]"
        }
      },
      {
        "name": "nodeManagementAccessNetworkProfileIpRules",
        "count": "[length(coalesce(tryGet(tryGet(parameters('networkProfile'), 'nodeManagementAccess'), 'allowedIpRules'), createArray()))]",
        "input": {
          "action": "Allow",
          "value": "[coalesce(tryGet(tryGet(parameters('networkProfile'), 'nodeManagementAccess'), 'allowedIpRules'), createArray())[copyIndex('nodeManagementAccessNetworkProfileIpRules')]]"
        }
      },
      {
        "name": "formattedRoleAssignments",
        "count": "[length(coalesce(parameters('roleAssignments'), createArray()))]",
        "input": "[union(coalesce(parameters('roleAssignments'), createArray())[copyIndex('formattedRoleAssignments')], createObject('roleDefinitionId', coalesce(tryGet(variables('builtInRoleNames'), coalesce(parameters('roleAssignments'), createArray())[copyIndex('formattedRoleAssignments')].roleDefinitionIdOrName), if(contains(coalesce(parameters('roleAssignments'), createArray())[copyIndex('formattedRoleAssignments')].roleDefinitionIdOrName, '/providers/Microsoft.Authorization/roleDefinitions/'), coalesce(parameters('roleAssignments'), createArray())[copyIndex('formattedRoleAssignments')].roleDefinitionIdOrName, subscriptionResourceId('Microsoft.Authorization/roleDefinitions', coalesce(parameters('roleAssignments'), createArray())[copyIndex('formattedRoleAssignments')].roleDefinitionIdOrName)))))]"
      }
    ],
    "enableReferencedModulesTelemetry": false,
    "formattedUserAssignedIdentities": "[reduce(map(coalesce(tryGet(parameters('managedIdentities'), 'userAssignedResourceIds'), createArray()), lambda('id', createObject(format('{0}', lambdaVariables('id')), createObject()))), createObject(), lambda('cur', 'next', union(lambdaVariables('cur'), lambdaVariables('next'))))]",
    "identity": "[if(not(empty(parameters('managedIdentities'))), createObject('type', if(coalesce(tryGet(parameters('managedIdentities'), 'systemAssigned'), false()), 'SystemAssigned', if(not(empty(coalesce(tryGet(parameters('managedIdentities'), 'userAssignedResourceIds'), createObject()))), 'UserAssigned', 'None')), 'userAssignedIdentities', if(not(empty(variables('formattedUserAssignedIdentities'))), variables('formattedUserAssignedIdentities'), null())), null())]",
    "builtInRoleNames": {
      "Contributor": "[subscriptionResourceId('Microsoft.Authorization/roleDefinitions', 'b24988ac-6180-42a0-ab88-20f7382dd24c')]",
      "Owner": "[subscriptionResourceId('Microsoft.Authorization/roleDefinitions', '8e3af657-a8ff-443c-a75c-2fe8c4bcb635')]",
      "Reader": "[subscriptionResourceId('Microsoft.Authorization/roleDefinitions', 'acdd72a7-3385-48ef-bd42-f606fba81ae7')]",
      "Role Based Access Control Administrator": "[subscriptionResourceId('Microsoft.Authorization/roleDefinitions', 'f58310d9-a9f6-439a-9e8d-f62e7b41a168')]",
      "User Access Administrator": "[subscriptionResourceId('Microsoft.Authorization/roleDefinitions', '18d7d88d-d35e-4fb5-a5c3-7773c20a72d9')]"
    }
  },
  "resources": {
    "cMKKeyVault::cMKKey": {
      "condition": "[and(not(empty(tryGet(parameters('customerManagedKey'), 'keyVaultResourceId'))), and(not(empty(tryGet(parameters('customerManagedKey'), 'keyVaultResourceId'))), not(empty(tryGet(parameters('customerManagedKey'), 'keyName')))))]",
      "existing": true,
      "type": "Microsoft.KeyVault/vaults/keys",
      "apiVersion": "2023-02-01",
      "subscriptionId": "[split(coalesce(tryGet(parameters('customerManagedKey'), 'keyVaultResourceId'), '//'), '/')[2]]",
      "resourceGroup": "[split(coalesce(tryGet(parameters('customerManagedKey'), 'keyVaultResourceId'), '////'), '/')[4]]",
      "name": "[format('{0}/{1}', last(split(coalesce(tryGet(parameters('customerManagedKey'), 'keyVaultResourceId'), 'dummyVault'), '/')), coalesce(tryGet(parameters('customerManagedKey'), 'keyName'), 'dummyKey'))]"
    },
    "avmTelemetry": {
      "condition": "[parameters('enableTelemetry')]",
      "type": "Microsoft.Resources/deployments",
      "apiVersion": "2024-03-01",
      "name": "[format('46d3xbcp.res.batch-batchaccount.{0}.{1}', replace('-..--..-', '.', '-'), substring(uniqueString(deployment().name, parameters('location')), 0, 4))]",
      "properties": {
        "mode": "Incremental",
        "template": {
          "$schema": "https://schema.management.azure.com/schemas/2019-04-01/deploymentTemplate.json#",
          "contentVersion": "1.0.0.0",
          "resources": [],
          "outputs": {
            "telemetry": {
              "type": "String",
              "value": "For more information, see https://aka.ms/avm/TelemetryInfo"
            }
          }
        }
      }
    },
    "batchKeyVaultReference": {
      "condition": "[equals(parameters('poolAllocationMode'), 'UserSubscription')]",
      "existing": true,
      "type": "Microsoft.KeyVault/vaults",
      "apiVersion": "2023-02-01",
      "subscriptionId": "[split(coalesce(parameters('keyVaultReferenceResourceId'), '//'), '/')[2]]",
      "resourceGroup": "[split(coalesce(parameters('keyVaultReferenceResourceId'), '////'), '/')[4]]",
      "name": "[last(split(coalesce(parameters('keyVaultReferenceResourceId'), 'dummyVault'), '/'))]"
    },
    "cMKKeyVault": {
      "condition": "[not(empty(tryGet(parameters('customerManagedKey'), 'keyVaultResourceId')))]",
      "existing": true,
      "type": "Microsoft.KeyVault/vaults",
      "apiVersion": "2023-02-01",
      "subscriptionId": "[split(coalesce(tryGet(parameters('customerManagedKey'), 'keyVaultResourceId'), '//'), '/')[2]]",
      "resourceGroup": "[split(coalesce(tryGet(parameters('customerManagedKey'), 'keyVaultResourceId'), '////'), '/')[4]]",
      "name": "[last(split(coalesce(tryGet(parameters('customerManagedKey'), 'keyVaultResourceId'), 'dummyVault'), '/'))]"
    },
    "batchAccount": {
      "type": "Microsoft.Batch/batchAccounts",
      "apiVersion": "2022-06-01",
      "name": "[parameters('name')]",
      "location": "[parameters('location')]",
      "tags": "[parameters('tags')]",
      "identity": "[variables('identity')]",
      "properties": {
        "allowedAuthenticationModes": "[parameters('allowedAuthenticationModes')]",
        "autoStorage": {
          "authenticationMode": "[parameters('storageAuthenticationMode')]",
          "nodeIdentityReference": "[if(not(equals(null(), parameters('storageAccessIdentityResourceId'))), createObject('resourceId', parameters('storageAccessIdentityResourceId')), null())]",
          "storageAccountId": "[parameters('storageAccountId')]"
        },
        "encryption": "[if(not(empty(parameters('customerManagedKey'))), createObject('keySource', 'Microsoft.KeyVault', 'keyVaultProperties', createObject('keyIdentifier', if(not(empty(tryGet(parameters('customerManagedKey'), 'keyVersion'))), format('{0}/{1}', reference('cMKKeyVault::cMKKey').keyUri, parameters('customerManagedKey').keyVersion), if(coalesce(tryGet(parameters('customerManagedKey'), 'autoRotationEnabled'), true()), reference('cMKKeyVault::cMKKey').keyUri, reference('cMKKeyVault::cMKKey').keyUriWithVersion)))), null())]",
        "keyVaultReference": "[if(equals(parameters('poolAllocationMode'), 'UserSubscription'), createObject('id', extensionResourceId(format('/subscriptions/{0}/resourceGroups/{1}', split(coalesce(parameters('keyVaultReferenceResourceId'), '//'), '/')[2], split(coalesce(parameters('keyVaultReferenceResourceId'), '////'), '/')[4]), 'Microsoft.KeyVault/vaults', last(split(coalesce(parameters('keyVaultReferenceResourceId'), 'dummyVault'), '/'))), 'url', reference('batchKeyVaultReference').vaultUri), null())]",
        "networkProfile": "[if(not(empty(coalesce(parameters('networkProfile'), createObject()))), createObject('accountAccess', if(not(empty(variables('accountAccessNetworkProfileIpRules'))), createObject('defaultAction', coalesce(tryGet(tryGet(parameters('networkProfile'), 'accountAccess'), 'defaultAction'), 'Deny'), 'ipRules', variables('accountAccessNetworkProfileIpRules')), null()), 'nodeManagementAccess', if(not(empty(variables('nodeManagementAccessNetworkProfileIpRules'))), createObject('defaultAction', coalesce(tryGet(tryGet(parameters('networkProfile'), 'nodeManagementAccess'), 'defaultAction'), 'Deny'), 'ipRules', variables('nodeManagementAccessNetworkProfileIpRules')), null())), null())]",
        "poolAllocationMode": "[parameters('poolAllocationMode')]",
        "publicNetworkAccess": "[if(not(empty(parameters('publicNetworkAccess'))), parameters('publicNetworkAccess'), if(and(not(empty(coalesce(parameters('privateEndpoints'), createArray()))), empty(coalesce(parameters('networkProfile'), createArray()))), 'Disabled', null()))]"
      },
      "dependsOn": [
        "batchKeyVaultReference",
        "cMKKeyVault::cMKKey"
      ]
    },
    "batchAccount_lock": {
      "condition": "[and(not(empty(coalesce(parameters('lock'), createObject()))), not(equals(tryGet(parameters('lock'), 'kind'), 'None')))]",
      "type": "Microsoft.Authorization/locks",
      "apiVersion": "2020-05-01",
      "scope": "[format('Microsoft.Batch/batchAccounts/{0}', parameters('name'))]",
      "name": "[coalesce(tryGet(parameters('lock'), 'name'), format('lock-{0}', parameters('name')))]",
      "properties": {
        "level": "[coalesce(tryGet(parameters('lock'), 'kind'), '')]",
        "notes": "[if(equals(tryGet(parameters('lock'), 'kind'), 'CanNotDelete'), 'Cannot delete resource or child resources.', 'Cannot delete or modify the resource or child resources.')]"
      },
      "dependsOn": [
        "batchAccount"
      ]
    },
    "batchAccount_diagnosticSettings": {
      "copy": {
        "name": "batchAccount_diagnosticSettings",
        "count": "[length(coalesce(parameters('diagnosticSettings'), createArray()))]"
      },
      "type": "Microsoft.Insights/diagnosticSettings",
      "apiVersion": "2021-05-01-preview",
      "scope": "[format('Microsoft.Batch/batchAccounts/{0}', parameters('name'))]",
      "name": "[coalesce(tryGet(coalesce(parameters('diagnosticSettings'), createArray())[copyIndex()], 'name'), format('{0}-diagnosticSettings', parameters('name')))]",
      "properties": {
        "copy": [
          {
            "name": "metrics",
            "count": "[length(coalesce(tryGet(coalesce(parameters('diagnosticSettings'), createArray())[copyIndex()], 'metricCategories'), createArray(createObject('category', 'AllMetrics'))))]",
            "input": {
              "category": "[coalesce(tryGet(coalesce(parameters('diagnosticSettings'), createArray())[copyIndex()], 'metricCategories'), createArray(createObject('category', 'AllMetrics')))[copyIndex('metrics')].category]",
              "enabled": "[coalesce(tryGet(coalesce(tryGet(coalesce(parameters('diagnosticSettings'), createArray())[copyIndex()], 'metricCategories'), createArray(createObject('category', 'AllMetrics')))[copyIndex('metrics')], 'enabled'), true())]",
              "timeGrain": null
            }
          },
          {
            "name": "logs",
            "count": "[length(coalesce(tryGet(coalesce(parameters('diagnosticSettings'), createArray())[copyIndex()], 'logCategoriesAndGroups'), createArray(createObject('categoryGroup', 'allLogs'))))]",
            "input": {
              "categoryGroup": "[tryGet(coalesce(tryGet(coalesce(parameters('diagnosticSettings'), createArray())[copyIndex()], 'logCategoriesAndGroups'), createArray(createObject('categoryGroup', 'allLogs')))[copyIndex('logs')], 'categoryGroup')]",
              "category": "[tryGet(coalesce(tryGet(coalesce(parameters('diagnosticSettings'), createArray())[copyIndex()], 'logCategoriesAndGroups'), createArray(createObject('categoryGroup', 'allLogs')))[copyIndex('logs')], 'category')]",
              "enabled": "[coalesce(tryGet(coalesce(tryGet(coalesce(parameters('diagnosticSettings'), createArray())[copyIndex()], 'logCategoriesAndGroups'), createArray(createObject('categoryGroup', 'allLogs')))[copyIndex('logs')], 'enabled'), true())]"
            }
          }
        ],
        "storageAccountId": "[tryGet(coalesce(parameters('diagnosticSettings'), createArray())[copyIndex()], 'storageAccountResourceId')]",
        "workspaceId": "[tryGet(coalesce(parameters('diagnosticSettings'), createArray())[copyIndex()], 'workspaceResourceId')]",
        "eventHubAuthorizationRuleId": "[tryGet(coalesce(parameters('diagnosticSettings'), createArray())[copyIndex()], 'eventHubAuthorizationRuleResourceId')]",
        "eventHubName": "[tryGet(coalesce(parameters('diagnosticSettings'), createArray())[copyIndex()], 'eventHubName')]",
        "marketplacePartnerId": "[tryGet(coalesce(parameters('diagnosticSettings'), createArray())[copyIndex()], 'marketplacePartnerResourceId')]",
        "logAnalyticsDestinationType": "[tryGet(coalesce(parameters('diagnosticSettings'), createArray())[copyIndex()], 'logAnalyticsDestinationType')]"
      },
      "dependsOn": [
        "batchAccount"
      ]
    },
    "batchAccount_roleAssignments": {
      "copy": {
        "name": "batchAccount_roleAssignments",
        "count": "[length(coalesce(variables('formattedRoleAssignments'), createArray()))]"
      },
      "type": "Microsoft.Authorization/roleAssignments",
      "apiVersion": "2022-04-01",
      "scope": "[format('Microsoft.Batch/batchAccounts/{0}', parameters('name'))]",
      "name": "[coalesce(tryGet(coalesce(variables('formattedRoleAssignments'), createArray())[copyIndex()], 'name'), guid(resourceId('Microsoft.Batch/batchAccounts', parameters('name')), coalesce(variables('formattedRoleAssignments'), createArray())[copyIndex()].principalId, coalesce(variables('formattedRoleAssignments'), createArray())[copyIndex()].roleDefinitionId))]",
      "properties": {
        "roleDefinitionId": "[coalesce(variables('formattedRoleAssignments'), createArray())[copyIndex()].roleDefinitionId]",
        "principalId": "[coalesce(variables('formattedRoleAssignments'), createArray())[copyIndex()].principalId]",
        "description": "[tryGet(coalesce(variables('formattedRoleAssignments'), createArray())[copyIndex()], 'description')]",
        "principalType": "[tryGet(coalesce(variables('formattedRoleAssignments'), createArray())[copyIndex()], 'principalType')]",
        "condition": "[tryGet(coalesce(variables('formattedRoleAssignments'), createArray())[copyIndex()], 'condition')]",
        "conditionVersion": "[if(not(empty(tryGet(coalesce(variables('formattedRoleAssignments'), createArray())[copyIndex()], 'condition'))), coalesce(tryGet(coalesce(variables('formattedRoleAssignments'), createArray())[copyIndex()], 'conditionVersion'), '2.0'), null())]",
        "delegatedManagedIdentityResourceId": "[tryGet(coalesce(variables('formattedRoleAssignments'), createArray())[copyIndex()], 'delegatedManagedIdentityResourceId')]"
      },
      "dependsOn": [
        "batchAccount"
      ]
    },
    "batchAccount_privateEndpoints": {
      "copy": {
        "name": "batchAccount_privateEndpoints",
        "count": "[length(coalesce(parameters('privateEndpoints'), createArray()))]"
      },
      "type": "Microsoft.Resources/deployments",
      "apiVersion": "2022-09-01",
      "name": "[format('{0}-batchAccount-PrivateEndpoint-{1}', uniqueString(deployment().name, parameters('location')), copyIndex())]",
      "resourceGroup": "[coalesce(tryGet(coalesce(parameters('privateEndpoints'), createArray())[copyIndex()], 'resourceGroupName'), '')]",
      "properties": {
        "expressionEvaluationOptions": {
          "scope": "inner"
        },
        "mode": "Incremental",
        "parameters": {
          "name": {
            "value": "[coalesce(tryGet(coalesce(parameters('privateEndpoints'), createArray())[copyIndex()], 'name'), format('pep-{0}-{1}-{2}', last(split(resourceId('Microsoft.Batch/batchAccounts', parameters('name')), '/')), coalesce(parameters('privateEndpoints'), createArray())[copyIndex()].service, copyIndex()))]"
          },
          "privateLinkServiceConnections": "[if(not(equals(tryGet(coalesce(parameters('privateEndpoints'), createArray())[copyIndex()], 'isManualConnection'), true())), createObject('value', createArray(createObject('name', coalesce(tryGet(coalesce(parameters('privateEndpoints'), createArray())[copyIndex()], 'privateLinkServiceConnectionName'), format('{0}-{1}-{2}', last(split(resourceId('Microsoft.Batch/batchAccounts', parameters('name')), '/')), coalesce(parameters('privateEndpoints'), createArray())[copyIndex()].service, copyIndex())), 'properties', createObject('privateLinkServiceId', resourceId('Microsoft.Batch/batchAccounts', parameters('name')), 'groupIds', createArray(coalesce(parameters('privateEndpoints'), createArray())[copyIndex()].service))))), createObject('value', null()))]",
          "manualPrivateLinkServiceConnections": "[if(equals(tryGet(coalesce(parameters('privateEndpoints'), createArray())[copyIndex()], 'isManualConnection'), true()), createObject('value', createArray(createObject('name', coalesce(tryGet(coalesce(parameters('privateEndpoints'), createArray())[copyIndex()], 'privateLinkServiceConnectionName'), format('{0}-{1}-{2}', last(split(resourceId('Microsoft.Batch/batchAccounts', parameters('name')), '/')), coalesce(parameters('privateEndpoints'), createArray())[copyIndex()].service, copyIndex())), 'properties', createObject('privateLinkServiceId', resourceId('Microsoft.Batch/batchAccounts', parameters('name')), 'groupIds', createArray(coalesce(parameters('privateEndpoints'), createArray())[copyIndex()].service), 'requestMessage', coalesce(tryGet(coalesce(parameters('privateEndpoints'), createArray())[copyIndex()], 'manualConnectionRequestMessage'), 'Manual approval required.'))))), createObject('value', null()))]",
          "subnetResourceId": {
            "value": "[coalesce(parameters('privateEndpoints'), createArray())[copyIndex()].subnetResourceId]"
          },
          "enableTelemetry": {
            "value": "[variables('enableReferencedModulesTelemetry')]"
          },
          "location": {
            "value": "[coalesce(tryGet(coalesce(parameters('privateEndpoints'), createArray())[copyIndex()], 'location'), reference(split(coalesce(parameters('privateEndpoints'), createArray())[copyIndex()].subnetResourceId, '/subnets/')[0], '2020-06-01', 'Full').location)]"
          },
          "lock": {
            "value": "[coalesce(tryGet(coalesce(parameters('privateEndpoints'), createArray())[copyIndex()], 'lock'), parameters('lock'))]"
          },
          "privateDnsZoneGroup": {
            "value": "[tryGet(coalesce(parameters('privateEndpoints'), createArray())[copyIndex()], 'privateDnsZoneGroup')]"
          },
          "roleAssignments": {
            "value": "[tryGet(coalesce(parameters('privateEndpoints'), createArray())[copyIndex()], 'roleAssignments')]"
          },
          "tags": {
            "value": "[coalesce(tryGet(coalesce(parameters('privateEndpoints'), createArray())[copyIndex()], 'tags'), parameters('tags'))]"
          },
          "customDnsConfigs": {
            "value": "[tryGet(coalesce(parameters('privateEndpoints'), createArray())[copyIndex()], 'customDnsConfigs')]"
          },
          "ipConfigurations": {
            "value": "[tryGet(coalesce(parameters('privateEndpoints'), createArray())[copyIndex()], 'ipConfigurations')]"
          },
          "applicationSecurityGroupResourceIds": {
            "value": "[tryGet(coalesce(parameters('privateEndpoints'), createArray())[copyIndex()], 'applicationSecurityGroupResourceIds')]"
          },
          "customNetworkInterfaceName": {
            "value": "[tryGet(coalesce(parameters('privateEndpoints'), createArray())[copyIndex()], 'customNetworkInterfaceName')]"
          }
        },
        "template": {
          "$schema": "https://schema.management.azure.com/schemas/2019-04-01/deploymentTemplate.json#",
          "languageVersion": "2.0",
          "contentVersion": "1.0.0.0",
          "metadata": {
            "_generator": {
              "name": "bicep",
              "version": "0.29.47.4906",
              "templateHash": "1277254088602407590"
            },
            "name": "Private Endpoints",
            "description": "This module deploys a Private Endpoint.",
            "owner": "Azure/module-maintainers"
          },
          "definitions": {
            "privateDnsZoneGroupType": {
              "type": "object",
              "properties": {
                "name": {
                  "type": "string",
                  "nullable": true,
                  "metadata": {
                    "description": "Optional. The name of the Private DNS Zone Group."
                  }
                },
                "privateDnsZoneGroupConfigs": {
                  "type": "array",
                  "items": {
                    "$ref": "#/definitions/privateDnsZoneGroupConfigType"
                  },
                  "metadata": {
                    "description": "Required. The private DNS zone groups to associate the private endpoint. A DNS zone group can support up to 5 DNS zones."
                  }
                }
              }
            },
            "roleAssignmentType": {
              "type": "array",
              "items": {
                "type": "object",
                "properties": {
                  "name": {
                    "type": "string",
                    "nullable": true,
                    "metadata": {
                      "description": "Optional. The name (as GUID) of the role assignment. If not provided, a GUID will be generated."
                    }
                  },
                  "roleDefinitionIdOrName": {
                    "type": "string",
                    "metadata": {
                      "description": "Required. The role to assign. You can provide either the display name of the role definition, the role definition GUID, or its fully qualified ID in the following format: '/providers/Microsoft.Authorization/roleDefinitions/c2f4ef07-c644-48eb-af81-4b1b4947fb11'."
                    }
                  },
                  "principalId": {
                    "type": "string",
                    "metadata": {
                      "description": "Required. The principal ID of the principal (user/group/identity) to assign the role to."
                    }
                  },
                  "principalType": {
                    "type": "string",
                    "allowedValues": [
                      "Device",
                      "ForeignGroup",
                      "Group",
                      "ServicePrincipal",
                      "User"
                    ],
                    "nullable": true,
                    "metadata": {
                      "description": "Optional. The principal type of the assigned principal ID."
                    }
                  },
                  "description": {
                    "type": "string",
                    "nullable": true,
                    "metadata": {
                      "description": "Optional. The description of the role assignment."
                    }
                  },
                  "condition": {
                    "type": "string",
                    "nullable": true,
                    "metadata": {
                      "description": "Optional. The conditions on the role assignment. This limits the resources it can be assigned to. e.g.: @Resource[Microsoft.Storage/storageAccounts/blobServices/containers:ContainerName] StringEqualsIgnoreCase \"foo_storage_container\"."
                    }
                  },
                  "conditionVersion": {
                    "type": "string",
                    "allowedValues": [
                      "2.0"
                    ],
                    "nullable": true,
                    "metadata": {
                      "description": "Optional. Version of the condition."
                    }
                  },
                  "delegatedManagedIdentityResourceId": {
                    "type": "string",
                    "nullable": true,
                    "metadata": {
                      "description": "Optional. The Resource Id of the delegated managed identity resource."
                    }
                  }
                }
              },
              "nullable": true
            },
            "lockType": {
              "type": "object",
              "properties": {
                "name": {
                  "type": "string",
                  "nullable": true,
                  "metadata": {
                    "description": "Optional. Specify the name of lock."
                  }
                },
                "kind": {
                  "type": "string",
                  "allowedValues": [
                    "CanNotDelete",
                    "None",
                    "ReadOnly"
                  ],
                  "nullable": true,
                  "metadata": {
                    "description": "Optional. Specify the type of lock."
                  }
                }
              },
              "nullable": true
            },
            "ipConfigurationsType": {
              "type": "array",
              "items": {
                "type": "object",
                "properties": {
                  "name": {
                    "type": "string",
                    "metadata": {
                      "description": "Required. The name of the resource that is unique within a resource group."
                    }
                  },
                  "properties": {
                    "type": "object",
                    "properties": {
                      "groupId": {
                        "type": "string",
                        "metadata": {
                          "description": "Required. The ID of a group obtained from the remote resource that this private endpoint should connect to. If used with private link service connection, this property must be defined as empty string."
                        }
                      },
                      "memberName": {
                        "type": "string",
                        "metadata": {
                          "description": "Required. The member name of a group obtained from the remote resource that this private endpoint should connect to. If used with private link service connection, this property must be defined as empty string."
                        }
                      },
                      "privateIPAddress": {
                        "type": "string",
                        "metadata": {
                          "description": "Required. A private IP address obtained from the private endpoint's subnet."
                        }
                      }
                    },
                    "metadata": {
                      "description": "Required. Properties of private endpoint IP configurations."
                    }
                  }
                }
              },
              "nullable": true
            },
            "manualPrivateLinkServiceConnectionsType": {
              "type": "array",
              "items": {
                "type": "object",
                "properties": {
                  "name": {
                    "type": "string",
                    "metadata": {
                      "description": "Required. The name of the private link service connection."
                    }
                  },
                  "properties": {
                    "type": "object",
                    "properties": {
                      "groupIds": {
                        "type": "array",
                        "items": {
                          "type": "string"
                        },
                        "metadata": {
                          "description": "Required. The ID of a group obtained from the remote resource that this private endpoint should connect to. If used with private link service connection, this property must be defined as empty string array `[]`."
                        }
                      },
                      "privateLinkServiceId": {
                        "type": "string",
                        "metadata": {
                          "description": "Required. The resource id of private link service."
                        }
                      },
                      "requestMessage": {
                        "type": "string",
                        "metadata": {
                          "description": "Optional. A message passed to the owner of the remote resource with this connection request. Restricted to 140 chars."
                        }
                      }
                    },
                    "metadata": {
                      "description": "Required. Properties of private link service connection."
                    }
                  }
                }
              },
              "nullable": true
            },
            "privateLinkServiceConnectionsType": {
              "type": "array",
              "items": {
                "type": "object",
                "properties": {
                  "name": {
                    "type": "string",
                    "metadata": {
                      "description": "Required. The name of the private link service connection."
                    }
                  },
                  "properties": {
                    "type": "object",
                    "properties": {
                      "groupIds": {
                        "type": "array",
                        "items": {
                          "type": "string"
                        },
                        "metadata": {
                          "description": "Required. The ID of a group obtained from the remote resource that this private endpoint should connect to. If used with private link service connection, this property must be defined as empty string array `[]`."
                        }
                      },
                      "privateLinkServiceId": {
                        "type": "string",
                        "metadata": {
                          "description": "Required. The resource id of private link service."
                        }
                      },
                      "requestMessage": {
                        "type": "string",
                        "nullable": true,
                        "metadata": {
                          "description": "Optional. A message passed to the owner of the remote resource with this connection request. Restricted to 140 chars."
                        }
                      }
                    },
                    "metadata": {
                      "description": "Required. Properties of private link service connection."
                    }
                  }
                }
              },
              "nullable": true
            },
            "customDnsConfigType": {
              "type": "array",
              "items": {
                "type": "object",
                "properties": {
                  "fqdn": {
                    "type": "string",
                    "metadata": {
                      "description": "Required. Fqdn that resolves to private endpoint IP address."
                    }
                  },
                  "ipAddresses": {
                    "type": "array",
                    "items": {
                      "type": "string"
                    },
                    "metadata": {
                      "description": "Required. A list of private IP addresses of the private endpoint."
                    }
                  }
                }
              },
              "nullable": true
            },
            "privateDnsZoneGroupConfigType": {
              "type": "object",
              "properties": {
                "name": {
                  "type": "string",
                  "nullable": true,
                  "metadata": {
                    "description": "Optional. The name of the private DNS zone group config."
                  }
                },
                "privateDnsZoneResourceId": {
                  "type": "string",
                  "metadata": {
                    "description": "Required. The resource id of the private DNS zone."
                  }
                }
              },
              "metadata": {
                "__bicep_imported_from!": {
                  "sourceTemplate": "private-dns-zone-group/main.bicep"
                }
              }
            }
          },
          "parameters": {
            "name": {
              "type": "string",
              "metadata": {
                "description": "Required. Name of the private endpoint resource to create."
              }
            },
            "subnetResourceId": {
              "type": "string",
              "metadata": {
                "description": "Required. Resource ID of the subnet where the endpoint needs to be created."
              }
            },
            "applicationSecurityGroupResourceIds": {
              "type": "array",
              "nullable": true,
              "metadata": {
                "description": "Optional. Application security groups in which the private endpoint IP configuration is included."
              }
            },
            "customNetworkInterfaceName": {
              "type": "string",
              "nullable": true,
              "metadata": {
                "description": "Optional. The custom name of the network interface attached to the private endpoint."
              }
            },
            "ipConfigurations": {
              "$ref": "#/definitions/ipConfigurationsType",
              "metadata": {
                "description": "Optional. A list of IP configurations of the private endpoint. This will be used to map to the First Party Service endpoints."
              }
            },
            "privateDnsZoneGroup": {
              "$ref": "#/definitions/privateDnsZoneGroupType",
              "nullable": true,
              "metadata": {
                "description": "Optional. The private DNS zone group to configure for the private endpoint."
              }
            },
            "location": {
              "type": "string",
              "defaultValue": "[resourceGroup().location]",
              "metadata": {
                "description": "Optional. Location for all Resources."
              }
            },
            "lock": {
              "$ref": "#/definitions/lockType",
              "metadata": {
                "description": "Optional. The lock settings of the service."
              }
            },
            "roleAssignments": {
              "$ref": "#/definitions/roleAssignmentType",
              "metadata": {
                "description": "Optional. Array of role assignments to create."
              }
            },
            "tags": {
              "type": "object",
              "nullable": true,
              "metadata": {
                "description": "Optional. Tags to be applied on all resources/resource groups in this deployment."
              }
            },
            "customDnsConfigs": {
              "$ref": "#/definitions/customDnsConfigType",
              "metadata": {
                "description": "Optional. Custom DNS configurations."
              }
            },
            "manualPrivateLinkServiceConnections": {
              "$ref": "#/definitions/manualPrivateLinkServiceConnectionsType",
              "metadata": {
                "description": "Optional. A grouping of information about the connection to the remote resource. Used when the network admin does not have access to approve connections to the remote resource."
              }
            },
            "privateLinkServiceConnections": {
              "$ref": "#/definitions/privateLinkServiceConnectionsType",
              "metadata": {
                "description": "Optional. A grouping of information about the connection to the remote resource."
              }
            },
            "enableTelemetry": {
              "type": "bool",
              "defaultValue": true,
              "metadata": {
                "description": "Optional. Enable/Disable usage telemetry for module."
              }
            }
          },
          "variables": {
            "copy": [
              {
                "name": "formattedRoleAssignments",
                "count": "[length(coalesce(parameters('roleAssignments'), createArray()))]",
                "input": "[union(coalesce(parameters('roleAssignments'), createArray())[copyIndex('formattedRoleAssignments')], createObject('roleDefinitionId', coalesce(tryGet(variables('builtInRoleNames'), coalesce(parameters('roleAssignments'), createArray())[copyIndex('formattedRoleAssignments')].roleDefinitionIdOrName), if(contains(coalesce(parameters('roleAssignments'), createArray())[copyIndex('formattedRoleAssignments')].roleDefinitionIdOrName, '/providers/Microsoft.Authorization/roleDefinitions/'), coalesce(parameters('roleAssignments'), createArray())[copyIndex('formattedRoleAssignments')].roleDefinitionIdOrName, subscriptionResourceId('Microsoft.Authorization/roleDefinitions', coalesce(parameters('roleAssignments'), createArray())[copyIndex('formattedRoleAssignments')].roleDefinitionIdOrName)))))]"
              }
            ],
            "builtInRoleNames": {
              "Contributor": "[subscriptionResourceId('Microsoft.Authorization/roleDefinitions', 'b24988ac-6180-42a0-ab88-20f7382dd24c')]",
              "DNS Resolver Contributor": "[subscriptionResourceId('Microsoft.Authorization/roleDefinitions', '0f2ebee7-ffd4-4fc0-b3b7-664099fdad5d')]",
              "DNS Zone Contributor": "[subscriptionResourceId('Microsoft.Authorization/roleDefinitions', 'befefa01-2a29-4197-83a8-272ff33ce314')]",
              "Domain Services Contributor": "[subscriptionResourceId('Microsoft.Authorization/roleDefinitions', 'eeaeda52-9324-47f6-8069-5d5bade478b2')]",
              "Domain Services Reader": "[subscriptionResourceId('Microsoft.Authorization/roleDefinitions', '361898ef-9ed1-48c2-849c-a832951106bb')]",
              "Network Contributor": "[subscriptionResourceId('Microsoft.Authorization/roleDefinitions', '4d97b98b-1d4f-4787-a291-c67834d212e7')]",
              "Owner": "[subscriptionResourceId('Microsoft.Authorization/roleDefinitions', '8e3af657-a8ff-443c-a75c-2fe8c4bcb635')]",
              "Private DNS Zone Contributor": "[subscriptionResourceId('Microsoft.Authorization/roleDefinitions', 'b12aa53e-6015-4669-85d0-8515ebb3ae7f')]",
              "Reader": "[subscriptionResourceId('Microsoft.Authorization/roleDefinitions', 'acdd72a7-3385-48ef-bd42-f606fba81ae7')]",
              "Role Based Access Control Administrator (Preview)": "[subscriptionResourceId('Microsoft.Authorization/roleDefinitions', 'f58310d9-a9f6-439a-9e8d-f62e7b41a168')]"
            }
          },
          "resources": {
            "avmTelemetry": {
              "condition": "[parameters('enableTelemetry')]",
              "type": "Microsoft.Resources/deployments",
              "apiVersion": "2024-03-01",
              "name": "[format('46d3xbcp.res.network-privateendpoint.{0}.{1}', replace('0.7.1', '.', '-'), substring(uniqueString(deployment().name, parameters('location')), 0, 4))]",
              "properties": {
                "mode": "Incremental",
                "template": {
                  "$schema": "https://schema.management.azure.com/schemas/2019-04-01/deploymentTemplate.json#",
                  "contentVersion": "1.0.0.0",
                  "resources": [],
                  "outputs": {
                    "telemetry": {
                      "type": "String",
                      "value": "For more information, see https://aka.ms/avm/TelemetryInfo"
                    }
                  }
                }
              }
            },
            "privateEndpoint": {
              "type": "Microsoft.Network/privateEndpoints",
              "apiVersion": "2023-11-01",
              "name": "[parameters('name')]",
              "location": "[parameters('location')]",
              "tags": "[parameters('tags')]",
              "properties": {
                "copy": [
                  {
                    "name": "applicationSecurityGroups",
                    "count": "[length(coalesce(parameters('applicationSecurityGroupResourceIds'), createArray()))]",
                    "input": {
                      "id": "[coalesce(parameters('applicationSecurityGroupResourceIds'), createArray())[copyIndex('applicationSecurityGroups')]]"
                    }
                  }
                ],
                "customDnsConfigs": "[coalesce(parameters('customDnsConfigs'), createArray())]",
                "customNetworkInterfaceName": "[coalesce(parameters('customNetworkInterfaceName'), '')]",
                "ipConfigurations": "[coalesce(parameters('ipConfigurations'), createArray())]",
                "manualPrivateLinkServiceConnections": "[coalesce(parameters('manualPrivateLinkServiceConnections'), createArray())]",
                "privateLinkServiceConnections": "[coalesce(parameters('privateLinkServiceConnections'), createArray())]",
                "subnet": {
                  "id": "[parameters('subnetResourceId')]"
                }
              }
            },
            "privateEndpoint_lock": {
              "condition": "[and(not(empty(coalesce(parameters('lock'), createObject()))), not(equals(tryGet(parameters('lock'), 'kind'), 'None')))]",
              "type": "Microsoft.Authorization/locks",
              "apiVersion": "2020-05-01",
              "scope": "[format('Microsoft.Network/privateEndpoints/{0}', parameters('name'))]",
              "name": "[coalesce(tryGet(parameters('lock'), 'name'), format('lock-{0}', parameters('name')))]",
              "properties": {
                "level": "[coalesce(tryGet(parameters('lock'), 'kind'), '')]",
                "notes": "[if(equals(tryGet(parameters('lock'), 'kind'), 'CanNotDelete'), 'Cannot delete resource or child resources.', 'Cannot delete or modify the resource or child resources.')]"
              },
              "dependsOn": [
                "privateEndpoint"
              ]
            },
            "privateEndpoint_roleAssignments": {
              "copy": {
                "name": "privateEndpoint_roleAssignments",
                "count": "[length(coalesce(variables('formattedRoleAssignments'), createArray()))]"
              },
              "type": "Microsoft.Authorization/roleAssignments",
              "apiVersion": "2022-04-01",
              "scope": "[format('Microsoft.Network/privateEndpoints/{0}', parameters('name'))]",
              "name": "[coalesce(tryGet(coalesce(variables('formattedRoleAssignments'), createArray())[copyIndex()], 'name'), guid(resourceId('Microsoft.Network/privateEndpoints', parameters('name')), coalesce(variables('formattedRoleAssignments'), createArray())[copyIndex()].principalId, coalesce(variables('formattedRoleAssignments'), createArray())[copyIndex()].roleDefinitionId))]",
              "properties": {
                "roleDefinitionId": "[coalesce(variables('formattedRoleAssignments'), createArray())[copyIndex()].roleDefinitionId]",
                "principalId": "[coalesce(variables('formattedRoleAssignments'), createArray())[copyIndex()].principalId]",
                "description": "[tryGet(coalesce(variables('formattedRoleAssignments'), createArray())[copyIndex()], 'description')]",
                "principalType": "[tryGet(coalesce(variables('formattedRoleAssignments'), createArray())[copyIndex()], 'principalType')]",
                "condition": "[tryGet(coalesce(variables('formattedRoleAssignments'), createArray())[copyIndex()], 'condition')]",
                "conditionVersion": "[if(not(empty(tryGet(coalesce(variables('formattedRoleAssignments'), createArray())[copyIndex()], 'condition'))), coalesce(tryGet(coalesce(variables('formattedRoleAssignments'), createArray())[copyIndex()], 'conditionVersion'), '2.0'), null())]",
                "delegatedManagedIdentityResourceId": "[tryGet(coalesce(variables('formattedRoleAssignments'), createArray())[copyIndex()], 'delegatedManagedIdentityResourceId')]"
              },
              "dependsOn": [
                "privateEndpoint"
              ]
            },
            "privateEndpoint_privateDnsZoneGroup": {
              "condition": "[not(empty(parameters('privateDnsZoneGroup')))]",
              "type": "Microsoft.Resources/deployments",
              "apiVersion": "2022-09-01",
              "name": "[format('{0}-PrivateEndpoint-PrivateDnsZoneGroup', uniqueString(deployment().name))]",
              "properties": {
                "expressionEvaluationOptions": {
                  "scope": "inner"
                },
                "mode": "Incremental",
                "parameters": {
                  "name": {
                    "value": "[tryGet(parameters('privateDnsZoneGroup'), 'name')]"
                  },
                  "privateEndpointName": {
                    "value": "[parameters('name')]"
                  },
                  "privateDnsZoneConfigs": {
                    "value": "[parameters('privateDnsZoneGroup').privateDnsZoneGroupConfigs]"
                  }
                },
                "template": {
                  "$schema": "https://schema.management.azure.com/schemas/2019-04-01/deploymentTemplate.json#",
                  "languageVersion": "2.0",
                  "contentVersion": "1.0.0.0",
                  "metadata": {
                    "_generator": {
                      "name": "bicep",
                      "version": "0.29.47.4906",
                      "templateHash": "5805178546717255803"
                    },
                    "name": "Private Endpoint Private DNS Zone Groups",
                    "description": "This module deploys a Private Endpoint Private DNS Zone Group.",
                    "owner": "Azure/module-maintainers"
                  },
                  "definitions": {
                    "privateDnsZoneGroupConfigType": {
                      "type": "object",
                      "properties": {
                        "name": {
                          "type": "string",
                          "nullable": true,
                          "metadata": {
                            "description": "Optional. The name of the private DNS zone group config."
                          }
                        },
                        "privateDnsZoneResourceId": {
                          "type": "string",
                          "metadata": {
                            "description": "Required. The resource id of the private DNS zone."
                          }
                        }
                      },
                      "metadata": {
                        "__bicep_export!": true
                      }
                    }
                  },
                  "parameters": {
                    "privateEndpointName": {
                      "type": "string",
                      "metadata": {
                        "description": "Conditional. The name of the parent private endpoint. Required if the template is used in a standalone deployment."
                      }
                    },
                    "privateDnsZoneConfigs": {
                      "type": "array",
                      "items": {
                        "$ref": "#/definitions/privateDnsZoneGroupConfigType"
                      },
                      "minLength": 1,
                      "maxLength": 5,
                      "metadata": {
                        "description": "Required. Array of private DNS zone configurations of the private DNS zone group. A DNS zone group can support up to 5 DNS zones."
                      }
                    },
                    "name": {
                      "type": "string",
                      "defaultValue": "default",
                      "metadata": {
                        "description": "Optional. The name of the private DNS zone group."
                      }
                    }
                  },
                  "variables": {
                    "copy": [
                      {
                        "name": "privateDnsZoneConfigsVar",
                        "count": "[length(parameters('privateDnsZoneConfigs'))]",
                        "input": {
                          "name": "[coalesce(tryGet(parameters('privateDnsZoneConfigs')[copyIndex('privateDnsZoneConfigsVar')], 'name'), last(split(parameters('privateDnsZoneConfigs')[copyIndex('privateDnsZoneConfigsVar')].privateDnsZoneResourceId, '/')))]",
                          "properties": {
                            "privateDnsZoneId": "[parameters('privateDnsZoneConfigs')[copyIndex('privateDnsZoneConfigsVar')].privateDnsZoneResourceId]"
                          }
                        }
                      }
                    ]
                  },
                  "resources": {
                    "privateEndpoint": {
                      "existing": true,
                      "type": "Microsoft.Network/privateEndpoints",
                      "apiVersion": "2023-11-01",
                      "name": "[parameters('privateEndpointName')]"
                    },
                    "privateDnsZoneGroup": {
                      "type": "Microsoft.Network/privateEndpoints/privateDnsZoneGroups",
                      "apiVersion": "2023-11-01",
                      "name": "[format('{0}/{1}', parameters('privateEndpointName'), parameters('name'))]",
                      "properties": {
                        "privateDnsZoneConfigs": "[variables('privateDnsZoneConfigsVar')]"
                      },
                      "dependsOn": [
                        "privateEndpoint"
                      ]
                    }
                  },
                  "outputs": {
                    "name": {
                      "type": "string",
                      "metadata": {
                        "description": "The name of the private endpoint DNS zone group."
                      },
                      "value": "[parameters('name')]"
                    },
                    "resourceId": {
                      "type": "string",
                      "metadata": {
                        "description": "The resource ID of the private endpoint DNS zone group."
                      },
                      "value": "[resourceId('Microsoft.Network/privateEndpoints/privateDnsZoneGroups', parameters('privateEndpointName'), parameters('name'))]"
                    },
                    "resourceGroupName": {
                      "type": "string",
                      "metadata": {
                        "description": "The resource group the private endpoint DNS zone group was deployed into."
                      },
                      "value": "[resourceGroup().name]"
                    }
                  }
                }
              },
              "dependsOn": [
                "privateEndpoint"
              ]
            }
          },
          "outputs": {
            "resourceGroupName": {
              "type": "string",
              "metadata": {
                "description": "The resource group the private endpoint was deployed into."
              },
              "value": "[resourceGroup().name]"
            },
            "resourceId": {
              "type": "string",
              "metadata": {
                "description": "The resource ID of the private endpoint."
              },
              "value": "[resourceId('Microsoft.Network/privateEndpoints', parameters('name'))]"
            },
            "name": {
              "type": "string",
              "metadata": {
                "description": "The name of the private endpoint."
              },
              "value": "[parameters('name')]"
            },
            "location": {
              "type": "string",
              "metadata": {
                "description": "The location the resource was deployed into."
              },
              "value": "[reference('privateEndpoint', '2023-11-01', 'full').location]"
            },
            "customDnsConfig": {
              "$ref": "#/definitions/customDnsConfigType",
              "metadata": {
                "description": "The custom DNS configurations of the private endpoint."
              },
              "value": "[reference('privateEndpoint').customDnsConfigs]"
            },
            "networkInterfaceIds": {
              "type": "array",
              "metadata": {
                "description": "The IDs of the network interfaces associated with the private endpoint."
              },
              "value": "[reference('privateEndpoint').networkInterfaces]"
            },
            "groupId": {
              "type": "string",
              "metadata": {
                "description": "The group Id for the private endpoint Group."
              },
              "value": "[if(and(not(empty(reference('privateEndpoint').manualPrivateLinkServiceConnections)), greater(length(tryGet(reference('privateEndpoint').manualPrivateLinkServiceConnections[0].properties, 'groupIds')), 0)), coalesce(tryGet(reference('privateEndpoint').manualPrivateLinkServiceConnections[0].properties, 'groupIds', 0), ''), if(and(not(empty(reference('privateEndpoint').privateLinkServiceConnections)), greater(length(tryGet(reference('privateEndpoint').privateLinkServiceConnections[0].properties, 'groupIds')), 0)), coalesce(tryGet(reference('privateEndpoint').privateLinkServiceConnections[0].properties, 'groupIds', 0), ''), ''))]"
            }
          }
        }
      },
      "dependsOn": [
        "batchAccount"
      ]
    }
  },
  "outputs": {
    "name": {
      "type": "string",
      "metadata": {
        "description": "The name of the batch account."
      },
      "value": "[parameters('name')]"
    },
    "resourceId": {
      "type": "string",
      "metadata": {
        "description": "The resource ID of the batch account."
      },
      "value": "[resourceId('Microsoft.Batch/batchAccounts', parameters('name'))]"
    },
    "resourceGroupName": {
      "type": "string",
      "metadata": {
        "description": "The resource group the batch account was deployed into."
      },
      "value": "[resourceGroup().name]"
    },
    "location": {
      "type": "string",
      "metadata": {
        "description": "The location the resource was deployed into."
      },
      "value": "[reference('batchAccount', '2022-06-01', 'full').location]"
    },
    "systemAssignedMIPrincipalId": {
      "type": "string",
      "nullable": true,
      "metadata": {
        "description": "The principal ID of the system assigned identity."
      },
      "value": "[tryGet(tryGet(reference('batchAccount', '2022-06-01', 'full'), 'identity'), 'principalId')]"
    },
    "privateEndpoints": {
      "type": "array",
      "metadata": {
        "description": "The private endpoints of the batch account."
      },
      "copy": {
        "count": "[length(if(not(empty(parameters('privateEndpoints'))), array(parameters('privateEndpoints')), createArray()))]",
        "input": {
          "name": "[reference(format('batchAccount_privateEndpoints[{0}]', copyIndex())).outputs.name.value]",
          "resourceId": "[reference(format('batchAccount_privateEndpoints[{0}]', copyIndex())).outputs.resourceId.value]",
          "groupId": "[reference(format('batchAccount_privateEndpoints[{0}]', copyIndex())).outputs.groupId.value]",
          "customDnsConfig": "[reference(format('batchAccount_privateEndpoints[{0}]', copyIndex())).outputs.customDnsConfig.value]",
          "networkInterfaceIds": "[reference(format('batchAccount_privateEndpoints[{0}]', copyIndex())).outputs.networkInterfaceIds.value]"
        }
      }
    }
  }
}