{
  "$schema": "https://schema.management.azure.com/schemas/2019-04-01/deploymentTemplate.json#",
  "languageVersion": "2.0",
  "contentVersion": "1.0.0.0",
  "metadata": {
    "_generator": {
      "name": "bicep",
      "version": "0.33.93.31351",
      "templateHash": "12000970886778046699"
    },
    "name": "Key Vault Keys",
    "description": "This module deploys a Key Vault Key."
  },
  "definitions": {
    "roleAssignmentType": {
      "type": "object",
      "properties": {
        "name": {
          "type": "string",
          "nullable": true,
          "metadata": {
            "description": "Optional. The name (as GUID) of the role assignment. If not provided, a GUID will be generated."
          }
        },
        "roleDefinitionIdOrName": {
          "type": "string",
          "metadata": {
            "description": "Required. The role to assign. You can provide either the display name of the role definition, the role definition GUID, or its fully qualified ID in the following format: '/providers/Microsoft.Authorization/roleDefinitions/c2f4ef07-c644-48eb-af81-4b1b4947fb11'."
          }
        },
        "principalId": {
          "type": "string",
          "metadata": {
            "description": "Required. The principal ID of the principal (user/group/identity) to assign the role to."
          }
        },
        "principalType": {
          "type": "string",
          "allowedValues": [
            "Device",
            "ForeignGroup",
            "Group",
            "ServicePrincipal",
            "User"
          ],
          "nullable": true,
          "metadata": {
            "description": "Optional. The principal type of the assigned principal ID."
          }
        },
        "description": {
          "type": "string",
          "nullable": true,
          "metadata": {
            "description": "Optional. The description of the role assignment."
          }
        },
        "condition": {
          "type": "string",
          "nullable": true,
          "metadata": {
            "description": "Optional. The conditions on the role assignment. This limits the resources it can be assigned to. e.g.: @Resource[Microsoft.Storage/storageAccounts/blobServices/containers:ContainerName] StringEqualsIgnoreCase \"foo_storage_container\"."
          }
        },
        "conditionVersion": {
          "type": "string",
          "allowedValues": [
            "2.0"
          ],
          "nullable": true,
          "metadata": {
            "description": "Optional. Version of the condition."
          }
        },
        "delegatedManagedIdentityResourceId": {
          "type": "string",
          "nullable": true,
          "metadata": {
            "description": "Optional. The Resource Id of the delegated managed identity resource."
          }
        }
      },
      "metadata": {
        "description": "An AVM-aligned type for a role assignment.",
        "__bicep_imported_from!": {
          "sourceTemplate": "br:mcr.microsoft.com/bicep/avm/utl/types/avm-common-types:0.5.1"
        }
      }
    }
  },
  "parameters": {
    "keyVaultName": {
      "type": "string",
      "metadata": {
        "description": "Conditional. The name of the parent key vault. Required if the template is used in a standalone deployment."
      }
    },
    "name": {
      "type": "string",
      "metadata": {
        "description": "Required. The name of the key."
      }
    },
    "tags": {
      "type": "object",
      "nullable": true,
      "metadata": {
        "description": "Optional. Resource tags."
      }
    },
    "attributesEnabled": {
      "type": "bool",
      "defaultValue": true,
      "metadata": {
        "description": "Optional. Determines whether the object is enabled."
      }
    },
    "attributesExp": {
      "type": "int",
      "nullable": true,
      "metadata": {
        "description": "Optional. Expiry date in seconds since 1970-01-01T00:00:00Z. For security reasons, it is recommended to set an expiration date whenever possible."
      }
    },
    "attributesNbf": {
      "type": "int",
      "nullable": true,
      "metadata": {
        "description": "Optional. Not before date in seconds since 1970-01-01T00:00:00Z."
      }
    },
    "curveName": {
      "type": "string",
      "defaultValue": "P-256",
      "allowedValues": [
        "P-256",
        "P-256K",
        "P-384",
        "P-521"
      ],
      "metadata": {
        "description": "Optional. The elliptic curve name."
      }
    },
    "keyOps": {
      "type": "array",
      "nullable": true,
      "allowedValues": [
        "decrypt",
        "encrypt",
        "import",
        "sign",
        "unwrapKey",
        "verify",
        "wrapKey"
      ],
      "metadata": {
        "description": "Optional. Array of JsonWebKeyOperation."
      }
    },
    "keySize": {
      "type": "int",
      "nullable": true,
      "metadata": {
        "description": "Optional. The key size in bits. For example: 2048, 3072, or 4096 for RSA."
      }
    },
    "kty": {
      "type": "string",
      "defaultValue": "EC",
      "allowedValues": [
        "EC",
        "EC-HSM",
        "RSA",
        "RSA-HSM"
      ],
      "metadata": {
        "description": "Optional. The type of the key."
      }
    },
    "releasePolicy": {
      "type": "object",
      "nullable": true,
      "metadata": {
        "description": "Optional. Key release policy."
      }
    },
    "roleAssignments": {
      "type": "array",
      "items": {
        "$ref": "#/definitions/roleAssignmentType"
      },
      "nullable": true,
      "metadata": {
        "description": "Optional. Array of role assignments to create."
      }
    },
    "rotationPolicy": {
      "type": "object",
      "nullable": true,
      "metadata": {
        "description": "Optional. Key rotation policy properties object."
      }
    }
  },
  "variables": {
    "copy": [
      {
        "name": "formattedRoleAssignments",
        "count": "[length(coalesce(parameters('roleAssignments'), createArray()))]",
        "input": "[union(coalesce(parameters('roleAssignments'), createArray())[copyIndex('formattedRoleAssignments')], createObject('roleDefinitionId', coalesce(tryGet(variables('builtInRoleNames'), coalesce(parameters('roleAssignments'), createArray())[copyIndex('formattedRoleAssignments')].roleDefinitionIdOrName), if(contains(coalesce(parameters('roleAssignments'), createArray())[copyIndex('formattedRoleAssignments')].roleDefinitionIdOrName, '/providers/Microsoft.Authorization/roleDefinitions/'), coalesce(parameters('roleAssignments'), createArray())[copyIndex('formattedRoleAssignments')].roleDefinitionIdOrName, subscriptionResourceId('Microsoft.Authorization/roleDefinitions', coalesce(parameters('roleAssignments'), createArray())[copyIndex('formattedRoleAssignments')].roleDefinitionIdOrName)))))]"
      }
    ],
    "builtInRoleNames": {
      "Contributor": "[subscriptionResourceId('Microsoft.Authorization/roleDefinitions', 'b24988ac-6180-42a0-ab88-20f7382dd24c')]",
      "Key Vault Administrator": "[subscriptionResourceId('Microsoft.Authorization/roleDefinitions', '00482a5a-887f-4fb3-b363-3b7fe8e74483')]",
      "Key Vault Contributor": "[subscriptionResourceId('Microsoft.Authorization/roleDefinitions', 'f25e0fa2-a7c8-4377-a976-54943a77a395')]",
      "Key Vault Crypto Officer": "[subscriptionResourceId('Microsoft.Authorization/roleDefinitions', '14b46e9e-c2b7-41b4-b07b-48a6ebf60603')]",
      "Key Vault Crypto Service Encryption User": "[subscriptionResourceId('Microsoft.Authorization/roleDefinitions', 'e147488a-f6f5-4113-8e2d-b22465e65bf6')]",
      "Key Vault Crypto User": "[subscriptionResourceId('Microsoft.Authorization/roleDefinitions', '12338af0-0e69-4776-bea7-57ae8d297424')]",
      "Key Vault Reader": "[subscriptionResourceId('Microsoft.Authorization/roleDefinitions', '21090545-7ca7-4776-b22c-e363652d74d2')]",
      "Owner": "[subscriptionResourceId('Microsoft.Authorization/roleDefinitions', '8e3af657-a8ff-443c-a75c-2fe8c4bcb635')]",
      "Reader": "[subscriptionResourceId('Microsoft.Authorization/roleDefinitions', 'acdd72a7-3385-48ef-bd42-f606fba81ae7')]",
      "Role Based Access Control Administrator": "[subscriptionResourceId('Microsoft.Authorization/roleDefinitions', 'f58310d9-a9f6-439a-9e8d-f62e7b41a168')]",
      "User Access Administrator": "[subscriptionResourceId('Microsoft.Authorization/roleDefinitions', '18d7d88d-d35e-4fb5-a5c3-7773c20a72d9')]"
    }
  },
  "resources": {
    "keyVault": {
      "existing": true,
      "type": "Microsoft.KeyVault/vaults",
      "apiVersion": "2022-07-01",
      "name": "[parameters('keyVaultName')]"
    },
    "key": {
      "type": "Microsoft.KeyVault/vaults/keys",
      "apiVersion": "2022-07-01",
      "name": "[format('{0}/{1}', parameters('keyVaultName'), parameters('name'))]",
      "tags": "[parameters('tags')]",
      "properties": "[shallowMerge(createArray(createObject('attributes', createObject('enabled', parameters('attributesEnabled'), 'exp', parameters('attributesExp'), 'nbf', parameters('attributesNbf')), 'curveName', parameters('curveName'), 'keyOps', parameters('keyOps'), 'keySize', parameters('keySize'), 'kty', parameters('kty'), 'release_policy', coalesce(parameters('releasePolicy'), createObject())), if(not(empty(parameters('rotationPolicy'))), createObject('rotationPolicy', parameters('rotationPolicy')), createObject())))]"
    },
    "key_roleAssignments": {
      "copy": {
        "name": "key_roleAssignments",
        "count": "[length(coalesce(variables('formattedRoleAssignments'), createArray()))]"
      },
      "type": "Microsoft.Authorization/roleAssignments",
      "apiVersion": "2022-04-01",
      "scope": "[format('Microsoft.KeyVault/vaults/{0}/keys/{1}', parameters('keyVaultName'), parameters('name'))]",
      "name": "[coalesce(tryGet(coalesce(variables('formattedRoleAssignments'), createArray())[copyIndex()], 'name'), guid(resourceId('Microsoft.KeyVault/vaults/keys', parameters('keyVaultName'), parameters('name')), coalesce(variables('formattedRoleAssignments'), createArray())[copyIndex()].principalId, coalesce(variables('formattedRoleAssignments'), createArray())[copyIndex()].roleDefinitionId))]",
      "properties": {
        "roleDefinitionId": "[coalesce(variables('formattedRoleAssignments'), createArray())[copyIndex()].roleDefinitionId]",
        "principalId": "[coalesce(variables('formattedRoleAssignments'), createArray())[copyIndex()].principalId]",
        "description": "[tryGet(coalesce(variables('formattedRoleAssignments'), createArray())[copyIndex()], 'description')]",
        "principalType": "[tryGet(coalesce(variables('formattedRoleAssignments'), createArray())[copyIndex()], 'principalType')]",
        "condition": "[tryGet(coalesce(variables('formattedRoleAssignments'), createArray())[copyIndex()], 'condition')]",
        "conditionVersion": "[if(not(empty(tryGet(coalesce(variables('formattedRoleAssignments'), createArray())[copyIndex()], 'condition'))), coalesce(tryGet(coalesce(variables('formattedRoleAssignments'), createArray())[copyIndex()], 'conditionVersion'), '2.0'), null())]",
        "delegatedManagedIdentityResourceId": "[tryGet(coalesce(variables('formattedRoleAssignments'), createArray())[copyIndex()], 'delegatedManagedIdentityResourceId')]"
      },
      "dependsOn": [
        "key"
      ]
    }
  },
  "outputs": {
    "keyUri": {
      "type": "string",
      "metadata": {
        "description": "The uri of the key."
      },
      "value": "[reference('key').keyUri]"
    },
    "keyUriWithVersion": {
      "type": "string",
      "metadata": {
        "description": "The uri with version of the key."
      },
      "value": "[reference('key').keyUriWithVersion]"
    },
    "name": {
      "type": "string",
      "metadata": {
        "description": "The name of the key."
      },
      "value": "[parameters('name')]"
    },
    "resourceId": {
      "type": "string",
      "metadata": {
        "description": "The resource ID of the key."
      },
      "value": "[resourceId('Microsoft.KeyVault/vaults/keys', parameters('keyVaultName'), parameters('name'))]"
    },
    "resourceGroupName": {
      "type": "string",
      "metadata": {
        "description": "The name of the resource group the key was created in."
      },
      "value": "[resourceGroup().name]"
    }
  }
}