{
  "$schema": "https://schema.management.azure.com/schemas/2019-04-01/deploymentTemplate.json#",
  "languageVersion": "2.0",
  "contentVersion": "1.0.0.0",
  "metadata": {
    "_generator": {
      "name": "bicep",
      "version": "0.33.13.18514",
      "templateHash": "4244831551350652576"
    },
    "name": "Hybrid Compute Machines",
    "description": "This module deploys an Arc Machine for use with Arc Resource Bridge for Azure Stack HCI or VMware. In these scenarios, this resource module will be used in combination with another resource module to create the require Virtual Machine Instance extension resource on this Arc Machine resource. This module should not be used for other Arc-enabled server scenarios, where the Arc Machine resource is created automatically by the onboarding process."
  },
  "definitions": {
    "lockType": {
      "type": "object",
      "properties": {
        "name": {
          "type": "string",
          "nullable": true,
          "metadata": {
            "description": "Optional. Specify the name of lock."
          }
        },
        "kind": {
          "type": "string",
          "allowedValues": [
            "CanNotDelete",
            "None",
            "ReadOnly"
          ],
          "nullable": true,
          "metadata": {
            "description": "Optional. Specify the type of lock."
          }
        }
      },
      "metadata": {
        "description": "An AVM-aligned type for a lock.",
        "__bicep_imported_from!": {
          "sourceTemplate": "br:mcr.microsoft.com/bicep/avm/utl/types/avm-common-types:0.4.1"
        }
      }
    },
    "roleAssignmentType": {
      "type": "object",
      "properties": {
        "name": {
          "type": "string",
          "nullable": true,
          "metadata": {
            "description": "Optional. The name (as GUID) of the role assignment. If not provided, a GUID will be generated."
          }
        },
        "roleDefinitionIdOrName": {
          "type": "string",
          "metadata": {
            "description": "Required. The role to assign. You can provide either the display name of the role definition, the role definition GUID, or its fully qualified ID in the following format: '/providers/Microsoft.Authorization/roleDefinitions/c2f4ef07-c644-48eb-af81-4b1b4947fb11'."
          }
        },
        "principalId": {
          "type": "string",
          "metadata": {
            "description": "Required. The principal ID of the principal (user/group/identity) to assign the role to."
          }
        },
        "principalType": {
          "type": "string",
          "allowedValues": [
            "Device",
            "ForeignGroup",
            "Group",
            "ServicePrincipal",
            "User"
          ],
          "nullable": true,
          "metadata": {
            "description": "Optional. The principal type of the assigned principal ID."
          }
        },
        "description": {
          "type": "string",
          "nullable": true,
          "metadata": {
            "description": "Optional. The description of the role assignment."
          }
        },
        "condition": {
          "type": "string",
          "nullable": true,
          "metadata": {
            "description": "Optional. The conditions on the role assignment. This limits the resources it can be assigned to. e.g.: @Resource[Microsoft.Storage/storageAccounts/blobServices/containers:ContainerName] StringEqualsIgnoreCase \"foo_storage_container\"."
          }
        },
        "conditionVersion": {
          "type": "string",
          "allowedValues": [
            "2.0"
          ],
          "nullable": true,
          "metadata": {
            "description": "Optional. Version of the condition."
          }
        },
        "delegatedManagedIdentityResourceId": {
          "type": "string",
          "nullable": true,
          "metadata": {
            "description": "Optional. The Resource Id of the delegated managed identity resource."
          }
        }
      },
      "metadata": {
        "description": "An AVM-aligned type for a role assignment.",
        "__bicep_imported_from!": {
          "sourceTemplate": "br:mcr.microsoft.com/bicep/avm/utl/types/avm-common-types:0.4.1"
        }
      }
    }
  },
  "parameters": {
    "name": {
      "type": "string",
      "metadata": {
        "description": "Required. The name of the Arc machine to be created. You should use a unique prefix to reduce name collisions in Active Directory."
      }
    },
    "kind": {
      "type": "string",
      "metadata": {
        "description": "Required. Kind of Arc machine to be created. Possible values are: HCI, SCVMM, VMware."
      }
    },
    "privateLinkScopeResourceId": {
      "type": "string",
      "defaultValue": "",
      "metadata": {
        "description": "Conditional. The resource ID of an Arc Private Link Scope which which to associate this machine. Required if you are using Private Link for Arc and your Arc Machine will resolve a Private Endpoint for connectivity to Azure."
      }
    },
    "parentClusterResourceId": {
      "type": "string",
      "defaultValue": "",
      "metadata": {
        "description": "Optional. Parent cluster resource ID (Azure Stack HCI)."
      }
    },
    "vmId": {
      "type": "string",
      "defaultValue": "",
      "metadata": {
        "description": "Optional. The GUID of the on-premises virtual machine from your hypervisor."
      }
    },
    "clientPublicKey": {
      "type": "securestring",
      "defaultValue": "",
      "metadata": {
        "description": "Optional. The Public Key that the client provides to be used during initial resource onboarding."
      }
    },
    "patchMode": {
      "type": "string",
      "nullable": true,
      "allowedValues": [
        "AutomaticByPlatform",
        "AutomaticByOS",
        "Manual",
        "ImageDefault"
      ],
      "metadata": {
        "description": "Optional. VM guest patching orchestration mode. 'AutomaticByOS' & 'Manual' are for Windows only, 'ImageDefault' for Linux only."
      }
    },
    "patchAssessmentMode": {
      "type": "string",
      "defaultValue": "ImageDefault",
      "allowedValues": [
        "AutomaticByPlatform",
        "ImageDefault"
      ],
      "metadata": {
        "description": "Optional. VM guest patching assessment mode. Set it to 'AutomaticByPlatform' to enable automatically check for updates every 24 hours."
      }
    },
    "guestConfiguration": {
      "type": "object",
      "defaultValue": {},
      "metadata": {
        "description": "Optional. The guest configuration for the Arc machine. Needs the Guest Configuration extension to be enabled."
      }
    },
    "osType": {
      "type": "string",
      "nullable": true,
      "allowedValues": [
        "Windows",
        "Linux"
      ],
      "metadata": {
        "description": "Conditional. Required if you are providing OS-type specified configurations, such as patch settings. The chosen OS type, either Windows or Linux."
      }
    },
    "location": {
      "type": "string",
      "defaultValue": "[resourceGroup().location]",
      "metadata": {
        "description": "Optional. Location for all resources."
      }
    },
    "lock": {
      "$ref": "#/definitions/lockType",
      "nullable": true,
      "metadata": {
        "description": "Optional. The lock settings of the service."
      }
    },
    "roleAssignments": {
      "type": "array",
      "items": {
        "$ref": "#/definitions/roleAssignmentType"
      },
      "nullable": true,
      "metadata": {
        "description": "Optional. Array of role assignments to create."
      }
    },
    "tags": {
      "type": "object",
      "nullable": true,
      "metadata": {
        "description": "Optional. Tags of the resource."
      }
    },
    "enableTelemetry": {
      "type": "bool",
      "defaultValue": true,
      "metadata": {
        "description": "Optional. Enable/Disable usage telemetry for module."
      }
    }
  },
  "variables": {
    "copy": [
      {
        "name": "formattedRoleAssignments",
        "count": "[length(coalesce(parameters('roleAssignments'), createArray()))]",
        "input": "[union(coalesce(parameters('roleAssignments'), createArray())[copyIndex('formattedRoleAssignments')], createObject('roleDefinitionId', coalesce(tryGet(variables('builtInRoleNames'), coalesce(parameters('roleAssignments'), createArray())[copyIndex('formattedRoleAssignments')].roleDefinitionIdOrName), if(contains(coalesce(parameters('roleAssignments'), createArray())[copyIndex('formattedRoleAssignments')].roleDefinitionIdOrName, '/providers/Microsoft.Authorization/roleDefinitions/'), coalesce(parameters('roleAssignments'), createArray())[copyIndex('formattedRoleAssignments')].roleDefinitionIdOrName, subscriptionResourceId('Microsoft.Authorization/roleDefinitions', coalesce(parameters('roleAssignments'), createArray())[copyIndex('formattedRoleAssignments')].roleDefinitionIdOrName)))))]"
      }
    ],
    "linuxConfiguration": {
      "patchSettings": "[if(or(equals(parameters('patchMode'), 'AutomaticByPlatform'), equals(parameters('patchMode'), 'ImageDefault')), createObject('patchMode', parameters('patchMode'), 'assessmentMode', parameters('patchAssessmentMode')), null())]"
    },
    "windowsConfiguration": {
      "patchSettings": "[if(or(or(equals(parameters('patchMode'), 'AutomaticByPlatform'), equals(parameters('patchMode'), 'AutomaticByOS')), equals(parameters('patchMode'), 'Manual')), createObject('patchMode', parameters('patchMode'), 'assessmentMode', parameters('patchAssessmentMode')), null())]"
    },
    "builtInRoleNames": {
      "Contributor": "[subscriptionResourceId('Microsoft.Authorization/roleDefinitions', 'b24988ac-6180-42a0-ab88-20f7382dd24c')]",
      "Owner": "[subscriptionResourceId('Microsoft.Authorization/roleDefinitions', '8e3af657-a8ff-443c-a75c-2fe8c4bcb635')]",
      "Reader": "[subscriptionResourceId('Microsoft.Authorization/roleDefinitions', 'acdd72a7-3385-48ef-bd42-f606fba81ae7')]",
      "Role Based Access Control Administrator": "[subscriptionResourceId('Microsoft.Authorization/roleDefinitions', 'f58310d9-a9f6-439a-9e8d-f62e7b41a168')]",
      "User Access Administrator": "[subscriptionResourceId('Microsoft.Authorization/roleDefinitions', '18d7d88d-d35e-4fb5-a5c3-7773c20a72d9')]",
      "Arc machine Administrator Login": "[subscriptionResourceId('Microsoft.Authorization/roleDefinitions', '1c0163c0-47e6-4577-8991-ea5c82e286e4')]",
      "Arc machine Contributor": "[subscriptionResourceId('Microsoft.Authorization/roleDefinitions', '9980e02c-c2be-4d73-94e8-173b1dc7cf3c')]",
      "Arc machine User Login": "[subscriptionResourceId('Microsoft.Authorization/roleDefinitions', 'fb879df8-f326-4884-b1cf-06f3ad86be52')]",
      "Windows Admin Center Administrator Login": "[subscriptionResourceId('Microsoft.Authorization/roleDefinitions', 'a6333a3e-0164-44c3-b281-7a577aff287f')]"
    }
  },
  "resources": {
    "avmTelemetry": {
      "condition": "[parameters('enableTelemetry')]",
      "type": "Microsoft.Resources/deployments",
      "apiVersion": "2023-07-01",
      "name": "[format('46d3xbcp.res.hybridcompute-machine.{0}.{1}', replace('-..--..-', '.', '-'), substring(uniqueString(deployment().name, parameters('location')), 0, 4))]",
      "properties": {
        "mode": "Incremental",
        "template": {
          "$schema": "https://schema.management.azure.com/schemas/2019-04-01/deploymentTemplate.json#",
          "contentVersion": "0.0.0",
          "resources": [],
          "outputs": {
            "telemetry": {
              "type": "String",
              "value": "For more information, see https://aka.ms/avm/TelemetryInfo"
            }
          }
        }
      }
    },
    "machine": {
      "type": "Microsoft.HybridCompute/machines",
      "apiVersion": "2024-07-10",
      "name": "[parameters('name')]",
      "location": "[parameters('location')]",
      "identity": {
        "type": "SystemAssigned"
      },
      "tags": "[parameters('tags')]",
      "kind": "[parameters('kind')]",
      "properties": {
        "osProfile": {
          "windowsConfiguration": "[if(equals(parameters('osType'), 'Windows'), variables('windowsConfiguration'), null())]",
          "linuxConfiguration": "[if(equals(parameters('osType'), 'Linux'), variables('linuxConfiguration'), null())]"
        },
        "parentClusterResourceId": "[parameters('parentClusterResourceId')]",
        "vmId": "[parameters('vmId')]",
        "clientPublicKey": "[parameters('clientPublicKey')]",
        "privateLinkScopeResourceId": "[if(not(empty(parameters('privateLinkScopeResourceId'))), parameters('privateLinkScopeResourceId'), null())]"
      }
    },
    "AzureWindowsBaseline": {
      "condition": "[not(empty(parameters('guestConfiguration')))]",
      "type": "Microsoft.GuestConfiguration/guestConfigurationAssignments",
      "apiVersion": "2020-06-25",
      "scope": "[format('Microsoft.HybridCompute/machines/{0}', parameters('name'))]",
      "name": "[format('gca-{0}', parameters('name'))]",
      "location": "[parameters('location')]",
      "properties": {
        "guestConfiguration": "[parameters('guestConfiguration')]"
      },
      "dependsOn": [
        "machine"
      ]
    },
    "machine_lock": {
      "condition": "[and(not(empty(coalesce(parameters('lock'), createObject()))), not(equals(tryGet(parameters('lock'), 'kind'), 'None')))]",
      "type": "Microsoft.Authorization/locks",
      "apiVersion": "2020-05-01",
      "scope": "[format('Microsoft.HybridCompute/machines/{0}', parameters('name'))]",
      "name": "[coalesce(tryGet(parameters('lock'), 'name'), format('lock-{0}', parameters('name')))]",
      "properties": {
        "level": "[coalesce(tryGet(parameters('lock'), 'kind'), '')]",
        "notes": "[if(equals(tryGet(parameters('lock'), 'kind'), 'CanNotDelete'), 'Cannot delete resource or child resources.', 'Cannot delete or modify the resource or child resources.')]"
      },
      "dependsOn": [
        "machine"
      ]
    },
    "machine_roleAssignments": {
      "copy": {
        "name": "machine_roleAssignments",
        "count": "[length(coalesce(variables('formattedRoleAssignments'), createArray()))]"
      },
      "type": "Microsoft.Authorization/roleAssignments",
      "apiVersion": "2022-04-01",
      "scope": "[format('Microsoft.HybridCompute/machines/{0}', parameters('name'))]",
      "name": "[coalesce(tryGet(coalesce(variables('formattedRoleAssignments'), createArray())[copyIndex()], 'name'), guid(resourceId('Microsoft.HybridCompute/machines', parameters('name')), coalesce(variables('formattedRoleAssignments'), createArray())[copyIndex()].principalId, coalesce(variables('formattedRoleAssignments'), createArray())[copyIndex()].roleDefinitionId))]",
      "properties": {
        "roleDefinitionId": "[coalesce(variables('formattedRoleAssignments'), createArray())[copyIndex()].roleDefinitionId]",
        "principalId": "[coalesce(variables('formattedRoleAssignments'), createArray())[copyIndex()].principalId]",
        "description": "[tryGet(coalesce(variables('formattedRoleAssignments'), createArray())[copyIndex()], 'description')]",
        "principalType": "[tryGet(coalesce(variables('formattedRoleAssignments'), createArray())[copyIndex()], 'principalType')]",
        "condition": "[tryGet(coalesce(variables('formattedRoleAssignments'), createArray())[copyIndex()], 'condition')]",
        "conditionVersion": "[if(not(empty(tryGet(coalesce(variables('formattedRoleAssignments'), createArray())[copyIndex()], 'condition'))), coalesce(tryGet(coalesce(variables('formattedRoleAssignments'), createArray())[copyIndex()], 'conditionVersion'), '2.0'), null())]",
        "delegatedManagedIdentityResourceId": "[tryGet(coalesce(variables('formattedRoleAssignments'), createArray())[copyIndex()], 'delegatedManagedIdentityResourceId')]"
      },
      "dependsOn": [
        "machine"
      ]
    }
  },
  "outputs": {
    "name": {
      "type": "string",
      "metadata": {
        "description": "The name of the machine."
      },
      "value": "[parameters('name')]"
    },
    "resourceId": {
      "type": "string",
      "metadata": {
        "description": "The resource ID of the machine."
      },
      "value": "[resourceId('Microsoft.HybridCompute/machines', parameters('name'))]"
    },
    "resourceGroupName": {
      "type": "string",
      "metadata": {
        "description": "The name of the resource group the VM was created in."
      },
      "value": "[resourceGroup().name]"
    },
    "systemAssignedMIPrincipalId": {
      "type": "string",
      "nullable": true,
      "metadata": {
        "description": "The principal ID of the system assigned identity."
      },
      "value": "[tryGet(tryGet(reference('machine', '2024-07-10', 'full'), 'identity'), 'principalId')]"
    },
    "location": {
      "type": "string",
      "metadata": {
        "description": "The location the resource was deployed into."
      },
      "value": "[reference('machine', '2024-07-10', 'full').location]"
    }
  }
}