{
  "$schema": "https://schema.management.azure.com/schemas/2019-04-01/deploymentTemplate.json#",
  "languageVersion": "2.0",
  "contentVersion": "1.0.0.0",
  "metadata": {
    "_generator": {
      "name": "bicep",
      "version": "0.33.93.31351",
      "templateHash": "1390192729878803338"
    },
    "name": "Action Groups",
    "description": "This module deploys an Action Group."
  },
  "definitions": {
    "roleAssignmentType": {
      "type": "object",
      "properties": {
        "name": {
          "type": "string",
          "nullable": true,
          "metadata": {
            "description": "Optional. The name (as GUID) of the role assignment. If not provided, a GUID will be generated."
          }
        },
        "roleDefinitionIdOrName": {
          "type": "string",
          "metadata": {
            "description": "Required. The role to assign. You can provide either the display name of the role definition, the role definition GUID, or its fully qualified ID in the following format: '/providers/Microsoft.Authorization/roleDefinitions/c2f4ef07-c644-48eb-af81-4b1b4947fb11'."
          }
        },
        "principalId": {
          "type": "string",
          "metadata": {
            "description": "Required. The principal ID of the principal (user/group/identity) to assign the role to."
          }
        },
        "principalType": {
          "type": "string",
          "allowedValues": [
            "Device",
            "ForeignGroup",
            "Group",
            "ServicePrincipal",
            "User"
          ],
          "nullable": true,
          "metadata": {
            "description": "Optional. The principal type of the assigned principal ID."
          }
        },
        "description": {
          "type": "string",
          "nullable": true,
          "metadata": {
            "description": "Optional. The description of the role assignment."
          }
        },
        "condition": {
          "type": "string",
          "nullable": true,
          "metadata": {
            "description": "Optional. The conditions on the role assignment. This limits the resources it can be assigned to. e.g.: @Resource[Microsoft.Storage/storageAccounts/blobServices/containers:ContainerName] StringEqualsIgnoreCase \"foo_storage_container\"."
          }
        },
        "conditionVersion": {
          "type": "string",
          "allowedValues": [
            "2.0"
          ],
          "nullable": true,
          "metadata": {
            "description": "Optional. Version of the condition."
          }
        },
        "delegatedManagedIdentityResourceId": {
          "type": "string",
          "nullable": true,
          "metadata": {
            "description": "Optional. The Resource Id of the delegated managed identity resource."
          }
        }
      },
      "metadata": {
        "description": "An AVM-aligned type for a role assignment.",
        "__bicep_imported_from!": {
          "sourceTemplate": "br:mcr.microsoft.com/bicep/avm/utl/types/avm-common-types:0.5.1"
        }
      }
    }
  },
  "parameters": {
    "name": {
      "type": "string",
      "metadata": {
        "description": "Required. The name of the action group."
      }
    },
    "groupShortName": {
      "type": "string",
      "metadata": {
        "description": "Required. The short name of the action group."
      }
    },
    "enabled": {
      "type": "bool",
      "defaultValue": true,
      "metadata": {
        "description": "Optional. Indicates whether this action group is enabled. If an action group is not enabled, then none of its receivers will receive communications."
      }
    },
    "roleAssignments": {
      "type": "array",
      "items": {
        "$ref": "#/definitions/roleAssignmentType"
      },
      "nullable": true,
      "metadata": {
        "description": "Optional. Array of role assignments to create."
      }
    },
    "emailReceivers": {
      "type": "array",
      "nullable": true,
      "metadata": {
        "description": "Optional. The list of email receivers that are part of this action group."
      }
    },
    "smsReceivers": {
      "type": "array",
      "nullable": true,
      "metadata": {
        "description": "Optional. The list of SMS receivers that are part of this action group."
      }
    },
    "webhookReceivers": {
      "type": "array",
      "nullable": true,
      "metadata": {
        "description": "Optional. The list of webhook receivers that are part of this action group."
      }
    },
    "itsmReceivers": {
      "type": "array",
      "nullable": true,
      "metadata": {
        "description": "Optional. The list of ITSM receivers that are part of this action group."
      }
    },
    "azureAppPushReceivers": {
      "type": "array",
      "nullable": true,
      "metadata": {
        "description": "Optional. The list of AzureAppPush receivers that are part of this action group."
      }
    },
    "automationRunbookReceivers": {
      "type": "array",
      "nullable": true,
      "metadata": {
        "description": "Optional. The list of AutomationRunbook receivers that are part of this action group."
      }
    },
    "voiceReceivers": {
      "type": "array",
      "nullable": true,
      "metadata": {
        "description": "Optional. The list of voice receivers that are part of this action group."
      }
    },
    "logicAppReceivers": {
      "type": "array",
      "nullable": true,
      "metadata": {
        "description": "Optional. The list of logic app receivers that are part of this action group."
      }
    },
    "azureFunctionReceivers": {
      "type": "array",
      "nullable": true,
      "metadata": {
        "description": "Optional. The list of function receivers that are part of this action group."
      }
    },
    "armRoleReceivers": {
      "type": "array",
      "nullable": true,
      "metadata": {
        "description": "Optional. The list of ARM role receivers that are part of this action group. Roles are Azure RBAC roles and only built-in roles are supported."
      }
    },
    "tags": {
      "type": "object",
      "nullable": true,
      "metadata": {
        "description": "Optional. Tags of the resource."
      }
    },
    "enableTelemetry": {
      "type": "bool",
      "defaultValue": true,
      "metadata": {
        "description": "Optional. Enable/Disable usage telemetry for module."
      }
    },
    "location": {
      "type": "string",
      "defaultValue": "global",
      "metadata": {
        "description": "Optional. Location for all resources."
      }
    }
  },
  "variables": {
    "copy": [
      {
        "name": "formattedRoleAssignments",
        "count": "[length(coalesce(parameters('roleAssignments'), createArray()))]",
        "input": "[union(coalesce(parameters('roleAssignments'), createArray())[copyIndex('formattedRoleAssignments')], createObject('roleDefinitionId', coalesce(tryGet(variables('builtInRoleNames'), coalesce(parameters('roleAssignments'), createArray())[copyIndex('formattedRoleAssignments')].roleDefinitionIdOrName), if(contains(coalesce(parameters('roleAssignments'), createArray())[copyIndex('formattedRoleAssignments')].roleDefinitionIdOrName, '/providers/Microsoft.Authorization/roleDefinitions/'), coalesce(parameters('roleAssignments'), createArray())[copyIndex('formattedRoleAssignments')].roleDefinitionIdOrName, subscriptionResourceId('Microsoft.Authorization/roleDefinitions', coalesce(parameters('roleAssignments'), createArray())[copyIndex('formattedRoleAssignments')].roleDefinitionIdOrName)))))]"
      }
    ],
    "builtInRoleNames": {
      "Contributor": "[subscriptionResourceId('Microsoft.Authorization/roleDefinitions', 'b24988ac-6180-42a0-ab88-20f7382dd24c')]",
      "Owner": "[subscriptionResourceId('Microsoft.Authorization/roleDefinitions', '8e3af657-a8ff-443c-a75c-2fe8c4bcb635')]",
      "Reader": "[subscriptionResourceId('Microsoft.Authorization/roleDefinitions', 'acdd72a7-3385-48ef-bd42-f606fba81ae7')]",
      "Role Based Access Control Administrator": "[subscriptionResourceId('Microsoft.Authorization/roleDefinitions', 'f58310d9-a9f6-439a-9e8d-f62e7b41a168')]",
      "User Access Administrator": "[subscriptionResourceId('Microsoft.Authorization/roleDefinitions', '18d7d88d-d35e-4fb5-a5c3-7773c20a72d9')]"
    }
  },
  "resources": {
    "avmTelemetry": {
      "condition": "[parameters('enableTelemetry')]",
      "type": "Microsoft.Resources/deployments",
      "apiVersion": "2024-03-01",
      "name": "[format('46d3xbcp.res.insights-actiongroup.{0}.{1}', replace('-..--..-', '.', '-'), substring(uniqueString(deployment().name, parameters('location')), 0, 4))]",
      "properties": {
        "mode": "Incremental",
        "template": {
          "$schema": "https://schema.management.azure.com/schemas/2019-04-01/deploymentTemplate.json#",
          "contentVersion": "1.0.0.0",
          "resources": [],
          "outputs": {
            "telemetry": {
              "type": "String",
              "value": "For more information, see https://aka.ms/avm/TelemetryInfo"
            }
          }
        }
      }
    },
    "actionGroup": {
      "type": "Microsoft.Insights/actionGroups",
      "apiVersion": "2023-01-01",
      "name": "[parameters('name')]",
      "location": "[parameters('location')]",
      "tags": "[parameters('tags')]",
      "properties": {
        "groupShortName": "[parameters('groupShortName')]",
        "enabled": "[parameters('enabled')]",
        "emailReceivers": "[parameters('emailReceivers')]",
        "smsReceivers": "[parameters('smsReceivers')]",
        "webhookReceivers": "[parameters('webhookReceivers')]",
        "itsmReceivers": "[parameters('itsmReceivers')]",
        "azureAppPushReceivers": "[parameters('azureAppPushReceivers')]",
        "automationRunbookReceivers": "[parameters('automationRunbookReceivers')]",
        "voiceReceivers": "[parameters('voiceReceivers')]",
        "logicAppReceivers": "[parameters('logicAppReceivers')]",
        "azureFunctionReceivers": "[parameters('azureFunctionReceivers')]",
        "armRoleReceivers": "[parameters('armRoleReceivers')]"
      }
    },
    "actionGroup_roleAssignments": {
      "copy": {
        "name": "actionGroup_roleAssignments",
        "count": "[length(coalesce(variables('formattedRoleAssignments'), createArray()))]"
      },
      "type": "Microsoft.Authorization/roleAssignments",
      "apiVersion": "2022-04-01",
      "scope": "[format('Microsoft.Insights/actionGroups/{0}', parameters('name'))]",
      "name": "[coalesce(tryGet(coalesce(variables('formattedRoleAssignments'), createArray())[copyIndex()], 'name'), guid(resourceId('Microsoft.Insights/actionGroups', parameters('name')), coalesce(variables('formattedRoleAssignments'), createArray())[copyIndex()].principalId, coalesce(variables('formattedRoleAssignments'), createArray())[copyIndex()].roleDefinitionId))]",
      "properties": {
        "roleDefinitionId": "[coalesce(variables('formattedRoleAssignments'), createArray())[copyIndex()].roleDefinitionId]",
        "principalId": "[coalesce(variables('formattedRoleAssignments'), createArray())[copyIndex()].principalId]",
        "description": "[tryGet(coalesce(variables('formattedRoleAssignments'), createArray())[copyIndex()], 'description')]",
        "principalType": "[tryGet(coalesce(variables('formattedRoleAssignments'), createArray())[copyIndex()], 'principalType')]",
        "condition": "[tryGet(coalesce(variables('formattedRoleAssignments'), createArray())[copyIndex()], 'condition')]",
        "conditionVersion": "[if(not(empty(tryGet(coalesce(variables('formattedRoleAssignments'), createArray())[copyIndex()], 'condition'))), coalesce(tryGet(coalesce(variables('formattedRoleAssignments'), createArray())[copyIndex()], 'conditionVersion'), '2.0'), null())]",
        "delegatedManagedIdentityResourceId": "[tryGet(coalesce(variables('formattedRoleAssignments'), createArray())[copyIndex()], 'delegatedManagedIdentityResourceId')]"
      },
      "dependsOn": [
        "actionGroup"
      ]
    }
  },
  "outputs": {
    "resourceGroupName": {
      "type": "string",
      "metadata": {
        "description": "The resource group the action group was deployed into."
      },
      "value": "[resourceGroup().name]"
    },
    "name": {
      "type": "string",
      "metadata": {
        "description": "The name of the action group."
      },
      "value": "[parameters('name')]"
    },
    "resourceId": {
      "type": "string",
      "metadata": {
        "description": "The resource ID of the action group."
      },
      "value": "[resourceId('Microsoft.Insights/actionGroups', parameters('name'))]"
    },
    "location": {
      "type": "string",
      "metadata": {
        "description": "The location the resource was deployed into."
      },
      "value": "[reference('actionGroup', '2023-01-01', 'full').location]"
    }
  }
}