{
  "$schema": "https://schema.management.azure.com/schemas/2019-04-01/deploymentTemplate.json#",
  "languageVersion": "2.0",
  "contentVersion": "1.0.0.0",
  "metadata": {
    "_generator": {
      "name": "bicep",
      "version": "0.33.13.18514",
      "templateHash": "8322001051342524245"
    },
    "name": "Automation Account Powershell72 Modules",
    "description": "This module deploys a Powershell72 Module in the Automation Account."
  },
  "parameters": {
    "name": {
      "type": "string",
      "metadata": {
        "description": "Required. Name of the Powershell72 Automation Account module."
      }
    },
    "automationAccountName": {
      "type": "string",
      "metadata": {
        "description": "Conditional. The name of the parent Automation Account. Required if the template is used in a standalone deployment."
      }
    },
    "uri": {
      "type": "string",
      "metadata": {
        "description": "Required. Module package URI, e.g. https://www.powershellgallery.com/api/v2/package."
      }
    },
    "version": {
      "type": "string",
      "defaultValue": "latest",
      "metadata": {
        "description": "Optional. Module version or specify latest to get the latest version."
      }
    },
    "location": {
      "type": "string",
      "defaultValue": "[resourceGroup().location]",
      "metadata": {
        "description": "Optional. Location for all resources."
      }
    },
    "tags": {
      "type": "object",
      "nullable": true,
      "metadata": {
        "description": "Optional. Tags of the Powershell 72 module resource."
      }
    }
  },
  "resources": {
    "automationAccount": {
      "existing": true,
      "type": "Microsoft.Automation/automationAccounts",
      "apiVersion": "2022-08-08",
      "name": "[parameters('automationAccountName')]"
    },
    "powershell72module": {
      "type": "Microsoft.Automation/automationAccounts/powerShell72Modules",
      "apiVersion": "2023-11-01",
      "name": "[format('{0}/{1}', parameters('automationAccountName'), parameters('name'))]",
      "location": "[parameters('location')]",
      "tags": "[parameters('tags')]",
      "properties": {
        "contentLink": {
          "uri": "[if(not(equals(parameters('version'), 'latest')), format('{0}/{1}/{2}', parameters('uri'), parameters('name'), parameters('version')), format('{0}/{1}', parameters('uri'), parameters('name')))]",
          "version": "[if(not(equals(parameters('version'), 'latest')), parameters('version'), null())]"
        }
      }
    }
  },
  "outputs": {
    "name": {
      "type": "string",
      "metadata": {
        "description": "The name of the deployed module."
      },
      "value": "[parameters('name')]"
    },
    "resourceId": {
      "type": "string",
      "metadata": {
        "description": "The resource ID of the deployed module."
      },
      "value": "[resourceId('Microsoft.Automation/automationAccounts/powerShell72Modules', parameters('automationAccountName'), parameters('name'))]"
    },
    "resourceGroupName": {
      "type": "string",
      "metadata": {
        "description": "The resource group of the deployed module."
      },
      "value": "[resourceGroup().name]"
    },
    "location": {
      "type": "string",
      "metadata": {
        "description": "The location the resource was deployed into."
      },
      "value": "[reference('powershell72module', '2023-11-01', 'full').location]"
    }
  }
}