{
  "$schema": "https://schema.management.azure.com/schemas/2019-04-01/deploymentTemplate.json#",
  "languageVersion": "2.0",
  "contentVersion": "1.0.0.0",
  "metadata": {
    "_generator": {
      "name": "bicep",
      "version": "0.33.13.18514",
      "templateHash": "15569717694154014978"
    },
    "name": "Event Grid System Topics",
    "description": "This module deploys an Event Grid System Topic."
  },
  "definitions": {
    "managedIdentitiesType": {
      "type": "object",
      "properties": {
        "systemAssigned": {
          "type": "bool",
          "nullable": true,
          "metadata": {
            "description": "Optional. Enables system assigned managed identity on the resource."
          }
        },
        "userAssignedResourcesIds": {
          "type": "array",
          "items": {
            "type": "string"
          },
          "nullable": true,
          "metadata": {
            "description": "Optional. The resource ID(s) to assign to the resource."
          }
        }
      },
      "nullable": true
    },
    "lockType": {
      "type": "object",
      "properties": {
        "name": {
          "type": "string",
          "nullable": true,
          "metadata": {
            "description": "Optional. Specify the name of lock."
          }
        },
        "kind": {
          "type": "string",
          "allowedValues": [
            "CanNotDelete",
            "None",
            "ReadOnly"
          ],
          "nullable": true,
          "metadata": {
            "description": "Optional. Specify the type of lock."
          }
        }
      },
      "nullable": true
    },
    "roleAssignmentType": {
      "type": "array",
      "items": {
        "type": "object",
        "properties": {
          "name": {
            "type": "string",
            "nullable": true,
            "metadata": {
              "description": "Optional. The name (as GUID) of the role assignment. If not provided, a GUID will be generated."
            }
          },
          "roleDefinitionIdOrName": {
            "type": "string",
            "metadata": {
              "description": "Required. The role to assign. You can provide either the display name of the role definition, the role definition GUID, or its fully qualified ID in the following format: '/providers/Microsoft.Authorization/roleDefinitions/c2f4ef07-c644-48eb-af81-4b1b4947fb11'."
            }
          },
          "principalId": {
            "type": "string",
            "metadata": {
              "description": "Required. The principal ID of the principal (user/group/identity) to assign the role to."
            }
          },
          "principalType": {
            "type": "string",
            "allowedValues": [
              "Device",
              "ForeignGroup",
              "Group",
              "ServicePrincipal",
              "User"
            ],
            "nullable": true,
            "metadata": {
              "description": "Optional. The principal type of the assigned principal ID."
            }
          },
          "description": {
            "type": "string",
            "nullable": true,
            "metadata": {
              "description": "Optional. The description of the role assignment."
            }
          },
          "condition": {
            "type": "string",
            "nullable": true,
            "metadata": {
              "description": "Optional. The conditions on the role assignment. This limits the resources it can be assigned to. e.g.: @Resource[Microsoft.Storage/storageAccounts/blobServices/containers:ContainerName] StringEqualsIgnoreCase \"foo_storage_container\"."
            }
          },
          "conditionVersion": {
            "type": "string",
            "allowedValues": [
              "2.0"
            ],
            "nullable": true,
            "metadata": {
              "description": "Optional. Version of the condition."
            }
          },
          "delegatedManagedIdentityResourceId": {
            "type": "string",
            "nullable": true,
            "metadata": {
              "description": "Optional. The Resource Id of the delegated managed identity resource."
            }
          }
        }
      },
      "nullable": true
    },
    "diagnosticSettingType": {
      "type": "array",
      "items": {
        "type": "object",
        "properties": {
          "name": {
            "type": "string",
            "nullable": true,
            "metadata": {
              "description": "Optional. The name of diagnostic setting."
            }
          },
          "logCategoriesAndGroups": {
            "type": "array",
            "items": {
              "type": "object",
              "properties": {
                "category": {
                  "type": "string",
                  "nullable": true,
                  "metadata": {
                    "description": "Optional. Name of a Diagnostic Log category for a resource type this setting is applied to. Set the specific logs to collect here."
                  }
                },
                "categoryGroup": {
                  "type": "string",
                  "nullable": true,
                  "metadata": {
                    "description": "Optional. Name of a Diagnostic Log category group for a resource type this setting is applied to. Set to `allLogs` to collect all logs."
                  }
                },
                "enabled": {
                  "type": "bool",
                  "nullable": true,
                  "metadata": {
                    "description": "Optional. Enable or disable the category explicitly. Default is `true`."
                  }
                }
              }
            },
            "nullable": true,
            "metadata": {
              "description": "Optional. The name of logs that will be streamed. \"allLogs\" includes all possible logs for the resource. Set to `[]` to disable log collection."
            }
          },
          "metricCategories": {
            "type": "array",
            "items": {
              "type": "object",
              "properties": {
                "category": {
                  "type": "string",
                  "metadata": {
                    "description": "Required. Name of a Diagnostic Metric category for a resource type this setting is applied to. Set to `AllMetrics` to collect all metrics."
                  }
                },
                "enabled": {
                  "type": "bool",
                  "nullable": true,
                  "metadata": {
                    "description": "Optional. Enable or disable the category explicitly. Default is `true`."
                  }
                }
              }
            },
            "nullable": true,
            "metadata": {
              "description": "Optional. The name of metrics that will be streamed. \"allMetrics\" includes all possible metrics for the resource. Set to `[]` to disable metric collection."
            }
          },
          "logAnalyticsDestinationType": {
            "type": "string",
            "allowedValues": [
              "AzureDiagnostics",
              "Dedicated"
            ],
            "nullable": true,
            "metadata": {
              "description": "Optional. A string indicating whether the export to Log Analytics should use the default destination type, i.e. AzureDiagnostics, or use a destination type."
            }
          },
          "workspaceResourceId": {
            "type": "string",
            "nullable": true,
            "metadata": {
              "description": "Optional. Resource ID of the diagnostic log analytics workspace. For security reasons, it is recommended to set diagnostic settings to send data to either storage account, log analytics workspace or event hub."
            }
          },
          "storageAccountResourceId": {
            "type": "string",
            "nullable": true,
            "metadata": {
              "description": "Optional. Resource ID of the diagnostic storage account. For security reasons, it is recommended to set diagnostic settings to send data to either storage account, log analytics workspace or event hub."
            }
          },
          "eventHubAuthorizationRuleResourceId": {
            "type": "string",
            "nullable": true,
            "metadata": {
              "description": "Optional. Resource ID of the diagnostic event hub authorization rule for the Event Hubs namespace in which the event hub should be created or streamed to."
            }
          },
          "eventHubName": {
            "type": "string",
            "nullable": true,
            "metadata": {
              "description": "Optional. Name of the diagnostic event hub within the namespace to which logs are streamed. Without this, an event hub is created for each log category. For security reasons, it is recommended to set diagnostic settings to send data to either storage account, log analytics workspace or event hub."
            }
          },
          "marketplacePartnerResourceId": {
            "type": "string",
            "nullable": true,
            "metadata": {
              "description": "Optional. The full ARM resource ID of the Marketplace resource to which you would like to send Diagnostic Logs."
            }
          }
        }
      },
      "nullable": true
    }
  },
  "parameters": {
    "name": {
      "type": "string",
      "metadata": {
        "description": "Required. The name of the Event Grid Topic."
      }
    },
    "location": {
      "type": "string",
      "defaultValue": "[resourceGroup().location]",
      "metadata": {
        "description": "Optional. Location for all Resources."
      }
    },
    "source": {
      "type": "string",
      "metadata": {
        "description": "Required. Source for the system topic."
      }
    },
    "topicType": {
      "type": "string",
      "metadata": {
        "description": "Required. TopicType for the system topic."
      }
    },
    "eventSubscriptions": {
      "type": "array",
      "defaultValue": [],
      "metadata": {
        "description": "Optional. Event subscriptions to deploy."
      }
    },
    "diagnosticSettings": {
      "$ref": "#/definitions/diagnosticSettingType",
      "metadata": {
        "description": "Optional. The diagnostic settings of the service."
      }
    },
    "roleAssignments": {
      "$ref": "#/definitions/roleAssignmentType",
      "metadata": {
        "description": "Optional. Array of role assignments to create."
      }
    },
    "lock": {
      "$ref": "#/definitions/lockType",
      "metadata": {
        "description": "Optional. The lock settings of the service."
      }
    },
    "managedIdentities": {
      "$ref": "#/definitions/managedIdentitiesType",
      "metadata": {
        "description": "Optional. The managed identity definition for this resource."
      }
    },
    "tags": {
      "type": "object",
      "nullable": true,
      "metadata": {
        "description": "Optional. Tags of the resource."
      }
    },
    "enableTelemetry": {
      "type": "bool",
      "defaultValue": true,
      "metadata": {
        "description": "Optional. Enable/Disable usage telemetry for module."
      }
    }
  },
  "variables": {
    "copy": [
      {
        "name": "formattedRoleAssignments",
        "count": "[length(coalesce(parameters('roleAssignments'), createArray()))]",
        "input": "[union(coalesce(parameters('roleAssignments'), createArray())[copyIndex('formattedRoleAssignments')], createObject('roleDefinitionId', coalesce(tryGet(variables('builtInRoleNames'), coalesce(parameters('roleAssignments'), createArray())[copyIndex('formattedRoleAssignments')].roleDefinitionIdOrName), if(contains(coalesce(parameters('roleAssignments'), createArray())[copyIndex('formattedRoleAssignments')].roleDefinitionIdOrName, '/providers/Microsoft.Authorization/roleDefinitions/'), coalesce(parameters('roleAssignments'), createArray())[copyIndex('formattedRoleAssignments')].roleDefinitionIdOrName, subscriptionResourceId('Microsoft.Authorization/roleDefinitions', coalesce(parameters('roleAssignments'), createArray())[copyIndex('formattedRoleAssignments')].roleDefinitionIdOrName)))))]"
      }
    ],
    "formattedUserAssignedIdentities": "[reduce(map(coalesce(tryGet(parameters('managedIdentities'), 'userAssignedResourcesIds'), createArray()), lambda('id', createObject(format('{0}', lambdaVariables('id')), createObject()))), createObject(), lambda('cur', 'next', union(lambdaVariables('cur'), lambdaVariables('next'))))]",
    "identity": "[if(not(empty(parameters('managedIdentities'))), createObject('type', if(coalesce(tryGet(parameters('managedIdentities'), 'systemAssigned'), false()), if(not(empty(coalesce(tryGet(parameters('managedIdentities'), 'userAssignedResourcesIds'), createObject()))), 'SystemAssigned,UserAssigned', 'SystemAssigned'), if(not(empty(coalesce(tryGet(parameters('managedIdentities'), 'userAssignedResourcesIds'), createObject()))), 'UserAssigned', null())), 'userAssignedIdentities', if(not(empty(variables('formattedUserAssignedIdentities'))), variables('formattedUserAssignedIdentities'), null())), null())]",
    "builtInRoleNames": {
      "Contributor": "[subscriptionResourceId('Microsoft.Authorization/roleDefinitions', 'b24988ac-6180-42a0-ab88-20f7382dd24c')]",
      "EventGrid Contributor": "[subscriptionResourceId('Microsoft.Authorization/roleDefinitions', '1e241071-0855-49ea-94dc-649edcd759de')]",
      "EventGrid Data Sender": "[subscriptionResourceId('Microsoft.Authorization/roleDefinitions', 'd5a91429-5739-47e2-a06b-3470a27159e7')]",
      "EventGrid EventSubscription Contributor": "[subscriptionResourceId('Microsoft.Authorization/roleDefinitions', '428e0ff0-5e57-4d9c-a221-2c70d0e0a443')]",
      "EventGrid EventSubscription Reader": "[subscriptionResourceId('Microsoft.Authorization/roleDefinitions', '2414bbcf-6497-4faf-8c65-045460748405')]",
      "Owner": "[subscriptionResourceId('Microsoft.Authorization/roleDefinitions', '8e3af657-a8ff-443c-a75c-2fe8c4bcb635')]",
      "Reader": "[subscriptionResourceId('Microsoft.Authorization/roleDefinitions', 'acdd72a7-3385-48ef-bd42-f606fba81ae7')]",
      "Role Based Access Control Administrator": "[subscriptionResourceId('Microsoft.Authorization/roleDefinitions', 'f58310d9-a9f6-439a-9e8d-f62e7b41a168')]",
      "User Access Administrator": "[subscriptionResourceId('Microsoft.Authorization/roleDefinitions', '18d7d88d-d35e-4fb5-a5c3-7773c20a72d9')]"
    }
  },
  "resources": {
    "avmTelemetry": {
      "condition": "[parameters('enableTelemetry')]",
      "type": "Microsoft.Resources/deployments",
      "apiVersion": "2024-03-01",
      "name": "[take(format('46d3xbcp.res.eventgrid-systemtopic.{0}.{1}', replace('-..--..-', '.', '-'), substring(uniqueString(deployment().name, parameters('location')), 0, 4)), 64)]",
      "properties": {
        "mode": "Incremental",
        "template": {
          "$schema": "https://schema.management.azure.com/schemas/2019-04-01/deploymentTemplate.json#",
          "contentVersion": "1.0.0.0",
          "resources": [],
          "outputs": {
            "telemetry": {
              "type": "String",
              "value": "For more information, see https://aka.ms/avm/TelemetryInfo"
            }
          }
        }
      }
    },
    "systemTopic": {
      "type": "Microsoft.EventGrid/systemTopics",
      "apiVersion": "2023-12-15-preview",
      "name": "[parameters('name')]",
      "location": "[parameters('location')]",
      "identity": "[variables('identity')]",
      "tags": "[parameters('tags')]",
      "properties": {
        "source": "[parameters('source')]",
        "topicType": "[parameters('topicType')]"
      }
    },
    "systemTopic_lock": {
      "condition": "[and(not(empty(coalesce(parameters('lock'), createObject()))), not(equals(tryGet(parameters('lock'), 'kind'), 'None')))]",
      "type": "Microsoft.Authorization/locks",
      "apiVersion": "2020-05-01",
      "scope": "[format('Microsoft.EventGrid/systemTopics/{0}', parameters('name'))]",
      "name": "[coalesce(tryGet(parameters('lock'), 'name'), format('lock-{0}', parameters('name')))]",
      "properties": {
        "level": "[coalesce(tryGet(parameters('lock'), 'kind'), '')]",
        "notes": "[if(equals(tryGet(parameters('lock'), 'kind'), 'CanNotDelete'), 'Cannot delete resource or child resources.', 'Cannot delete or modify the resource or child resources.')]"
      },
      "dependsOn": [
        "systemTopic"
      ]
    },
    "systemTopic_diagnosticSettings": {
      "copy": {
        "name": "systemTopic_diagnosticSettings",
        "count": "[length(coalesce(parameters('diagnosticSettings'), createArray()))]"
      },
      "type": "Microsoft.Insights/diagnosticSettings",
      "apiVersion": "2021-05-01-preview",
      "scope": "[format('Microsoft.EventGrid/systemTopics/{0}', parameters('name'))]",
      "name": "[coalesce(tryGet(coalesce(parameters('diagnosticSettings'), createArray())[copyIndex()], 'name'), format('{0}-diagnosticSettings', parameters('name')))]",
      "properties": {
        "copy": [
          {
            "name": "metrics",
            "count": "[length(coalesce(tryGet(coalesce(parameters('diagnosticSettings'), createArray())[copyIndex()], 'metricCategories'), createArray(createObject('category', 'AllMetrics'))))]",
            "input": {
              "category": "[coalesce(tryGet(coalesce(parameters('diagnosticSettings'), createArray())[copyIndex()], 'metricCategories'), createArray(createObject('category', 'AllMetrics')))[copyIndex('metrics')].category]",
              "enabled": "[coalesce(tryGet(coalesce(tryGet(coalesce(parameters('diagnosticSettings'), createArray())[copyIndex()], 'metricCategories'), createArray(createObject('category', 'AllMetrics')))[copyIndex('metrics')], 'enabled'), true())]",
              "timeGrain": null
            }
          },
          {
            "name": "logs",
            "count": "[length(coalesce(tryGet(coalesce(parameters('diagnosticSettings'), createArray())[copyIndex()], 'logCategoriesAndGroups'), createArray(createObject('categoryGroup', 'allLogs'))))]",
            "input": {
              "categoryGroup": "[tryGet(coalesce(tryGet(coalesce(parameters('diagnosticSettings'), createArray())[copyIndex()], 'logCategoriesAndGroups'), createArray(createObject('categoryGroup', 'allLogs')))[copyIndex('logs')], 'categoryGroup')]",
              "category": "[tryGet(coalesce(tryGet(coalesce(parameters('diagnosticSettings'), createArray())[copyIndex()], 'logCategoriesAndGroups'), createArray(createObject('categoryGroup', 'allLogs')))[copyIndex('logs')], 'category')]",
              "enabled": "[coalesce(tryGet(coalesce(tryGet(coalesce(parameters('diagnosticSettings'), createArray())[copyIndex()], 'logCategoriesAndGroups'), createArray(createObject('categoryGroup', 'allLogs')))[copyIndex('logs')], 'enabled'), true())]"
            }
          }
        ],
        "storageAccountId": "[tryGet(coalesce(parameters('diagnosticSettings'), createArray())[copyIndex()], 'storageAccountResourceId')]",
        "workspaceId": "[tryGet(coalesce(parameters('diagnosticSettings'), createArray())[copyIndex()], 'workspaceResourceId')]",
        "eventHubAuthorizationRuleId": "[tryGet(coalesce(parameters('diagnosticSettings'), createArray())[copyIndex()], 'eventHubAuthorizationRuleResourceId')]",
        "eventHubName": "[tryGet(coalesce(parameters('diagnosticSettings'), createArray())[copyIndex()], 'eventHubName')]",
        "marketplacePartnerId": "[tryGet(coalesce(parameters('diagnosticSettings'), createArray())[copyIndex()], 'marketplacePartnerResourceId')]",
        "logAnalyticsDestinationType": "[tryGet(coalesce(parameters('diagnosticSettings'), createArray())[copyIndex()], 'logAnalyticsDestinationType')]"
      },
      "dependsOn": [
        "systemTopic"
      ]
    },
    "systemTopic_roleAssignments": {
      "copy": {
        "name": "systemTopic_roleAssignments",
        "count": "[length(coalesce(variables('formattedRoleAssignments'), createArray()))]"
      },
      "type": "Microsoft.Authorization/roleAssignments",
      "apiVersion": "2022-04-01",
      "scope": "[format('Microsoft.EventGrid/systemTopics/{0}', parameters('name'))]",
      "name": "[coalesce(tryGet(coalesce(variables('formattedRoleAssignments'), createArray())[copyIndex()], 'name'), guid(resourceId('Microsoft.EventGrid/systemTopics', parameters('name')), coalesce(variables('formattedRoleAssignments'), createArray())[copyIndex()].principalId, coalesce(variables('formattedRoleAssignments'), createArray())[copyIndex()].roleDefinitionId))]",
      "properties": {
        "roleDefinitionId": "[coalesce(variables('formattedRoleAssignments'), createArray())[copyIndex()].roleDefinitionId]",
        "principalId": "[coalesce(variables('formattedRoleAssignments'), createArray())[copyIndex()].principalId]",
        "description": "[tryGet(coalesce(variables('formattedRoleAssignments'), createArray())[copyIndex()], 'description')]",
        "principalType": "[tryGet(coalesce(variables('formattedRoleAssignments'), createArray())[copyIndex()], 'principalType')]",
        "condition": "[tryGet(coalesce(variables('formattedRoleAssignments'), createArray())[copyIndex()], 'condition')]",
        "conditionVersion": "[if(not(empty(tryGet(coalesce(variables('formattedRoleAssignments'), createArray())[copyIndex()], 'condition'))), coalesce(tryGet(coalesce(variables('formattedRoleAssignments'), createArray())[copyIndex()], 'conditionVersion'), '2.0'), null())]",
        "delegatedManagedIdentityResourceId": "[tryGet(coalesce(variables('formattedRoleAssignments'), createArray())[copyIndex()], 'delegatedManagedIdentityResourceId')]"
      },
      "dependsOn": [
        "systemTopic"
      ]
    },
    "systemTopics_eventSubscriptions": {
      "copy": {
        "name": "systemTopics_eventSubscriptions",
        "count": "[length(parameters('eventSubscriptions'))]"
      },
      "type": "Microsoft.Resources/deployments",
      "apiVersion": "2022-09-01",
      "name": "[format('{0}-EventGrid-SystemTopics-EventSubscriptions-{1}', uniqueString(deployment().name, parameters('location')), copyIndex())]",
      "properties": {
        "expressionEvaluationOptions": {
          "scope": "inner"
        },
        "mode": "Incremental",
        "parameters": {
          "destination": {
            "value": "[parameters('eventSubscriptions')[copyIndex()].destination]"
          },
          "systemTopicName": {
            "value": "[parameters('name')]"
          },
          "name": {
            "value": "[parameters('eventSubscriptions')[copyIndex()].name]"
          },
          "deadLetterDestination": "[if(contains(parameters('eventSubscriptions')[copyIndex()], 'deadLetterDestination'), createObject('value', parameters('eventSubscriptions')[copyIndex()].deadLetterDestination), createObject('value', createObject()))]",
          "deadLetterWithResourceIdentity": "[if(contains(parameters('eventSubscriptions')[copyIndex()], 'deadLetterWithResourceIdentity'), createObject('value', parameters('eventSubscriptions')[copyIndex()].deadLetterWithResourceIdentity), createObject('value', createObject()))]",
          "deliveryWithResourceIdentity": "[if(contains(parameters('eventSubscriptions')[copyIndex()], 'deliveryWithResourceIdentity'), createObject('value', parameters('eventSubscriptions')[copyIndex()].deliveryWithResourceIdentity), createObject('value', createObject()))]",
          "eventDeliverySchema": "[if(contains(parameters('eventSubscriptions')[copyIndex()], 'eventDeliverySchema'), createObject('value', parameters('eventSubscriptions')[copyIndex()].eventDeliverySchema), createObject('value', 'EventGridSchema'))]",
          "expirationTimeUtc": "[if(contains(parameters('eventSubscriptions')[copyIndex()], 'expirationTimeUtc'), createObject('value', parameters('eventSubscriptions')[copyIndex()].expirationTimeUtc), createObject('value', ''))]",
          "filter": "[if(contains(parameters('eventSubscriptions')[copyIndex()], 'filter'), createObject('value', parameters('eventSubscriptions')[copyIndex()].filter), createObject('value', createObject()))]",
          "labels": "[if(contains(parameters('eventSubscriptions')[copyIndex()], 'labels'), createObject('value', parameters('eventSubscriptions')[copyIndex()].labels), createObject('value', createArray()))]",
          "retryPolicy": "[if(contains(parameters('eventSubscriptions')[copyIndex()], 'retryPolicy'), createObject('value', parameters('eventSubscriptions')[copyIndex()].retryPolicy), createObject('value', createObject()))]"
        },
        "template": {
          "$schema": "https://schema.management.azure.com/schemas/2019-04-01/deploymentTemplate.json#",
          "contentVersion": "1.0.0.0",
          "metadata": {
            "_generator": {
              "name": "bicep",
              "version": "0.33.13.18514",
              "templateHash": "5663324417229692476"
            },
            "name": "Event Grid System Topic Event Subscriptions",
            "description": "This module deploys an Event Grid System Topic Event Subscription."
          },
          "parameters": {
            "name": {
              "type": "string",
              "metadata": {
                "description": "Required. The name of the Event Subscription."
              }
            },
            "systemTopicName": {
              "type": "string",
              "metadata": {
                "description": "Required. Name of the Event Grid System Topic."
              }
            },
            "deadLetterDestination": {
              "type": "object",
              "defaultValue": {},
              "metadata": {
                "description": "Optional. Dead Letter Destination. (See https://learn.microsoft.com/en-us/azure/templates/microsoft.eventgrid/eventsubscriptions?pivots=deployment-language-bicep#deadletterdestination-objects for more information)."
              }
            },
            "deadLetterWithResourceIdentity": {
              "type": "object",
              "defaultValue": {},
              "metadata": {
                "description": "Optional. Dead Letter with Resource Identity Configuration. (See https://learn.microsoft.com/en-us/azure/templates/microsoft.eventgrid/eventsubscriptions?pivots=deployment-language-bicep#deadletterwithresourceidentity-objects for more information)."
              }
            },
            "deliveryWithResourceIdentity": {
              "type": "object",
              "defaultValue": {},
              "metadata": {
                "description": "Optional. Delivery with Resource Identity Configuration. (See https://learn.microsoft.com/en-us/azure/templates/microsoft.eventgrid/eventsubscriptions?pivots=deployment-language-bicep#deliverywithresourceidentity-objects for more information)."
              }
            },
            "destination": {
              "type": "object",
              "metadata": {
                "description": "Required. The destination for the event subscription. (See https://learn.microsoft.com/en-us/azure/templates/microsoft.eventgrid/eventsubscriptions?pivots=deployment-language-bicep#eventsubscriptiondestination-objects for more information)."
              }
            },
            "eventDeliverySchema": {
              "type": "string",
              "defaultValue": "EventGridSchema",
              "allowedValues": [
                "CloudEventSchemaV1_0",
                "CustomInputSchema",
                "EventGridSchema",
                "EventGridEvent"
              ],
              "metadata": {
                "description": "Optional. The event delivery schema for the event subscription."
              }
            },
            "expirationTimeUtc": {
              "type": "string",
              "defaultValue": "",
              "metadata": {
                "description": "Optional. The expiration time for the event subscription. Format is ISO-8601 (yyyy-MM-ddTHH:mm:ssZ)."
              }
            },
            "filter": {
              "type": "object",
              "defaultValue": {},
              "metadata": {
                "description": "Optional. The filter for the event subscription. (See https://learn.microsoft.com/en-us/azure/templates/microsoft.eventgrid/eventsubscriptions?pivots=deployment-language-bicep#eventsubscriptionfilter for more information)."
              }
            },
            "labels": {
              "type": "array",
              "defaultValue": [],
              "metadata": {
                "description": "Optional. The list of user defined labels."
              }
            },
            "retryPolicy": {
              "type": "object",
              "defaultValue": {},
              "metadata": {
                "description": "Optional. The retry policy for events. This can be used to configure the TTL and maximum number of delivery attempts and time to live for events."
              }
            }
          },
          "resources": [
            {
              "type": "Microsoft.EventGrid/systemTopics/eventSubscriptions",
              "apiVersion": "2023-12-15-preview",
              "name": "[format('{0}/{1}', parameters('systemTopicName'), parameters('name'))]",
              "properties": {
                "deadLetterDestination": "[if(not(empty(parameters('deadLetterDestination'))), parameters('deadLetterDestination'), null())]",
                "deadLetterWithResourceIdentity": "[if(not(empty(parameters('deadLetterWithResourceIdentity'))), parameters('deadLetterWithResourceIdentity'), null())]",
                "deliveryWithResourceIdentity": "[if(not(empty(parameters('deliveryWithResourceIdentity'))), parameters('deliveryWithResourceIdentity'), null())]",
                "destination": "[if(empty(parameters('deliveryWithResourceIdentity')), parameters('destination'), null())]",
                "eventDeliverySchema": "[parameters('eventDeliverySchema')]",
                "expirationTimeUtc": "[if(not(empty(parameters('expirationTimeUtc'))), parameters('expirationTimeUtc'), '')]",
                "filter": "[if(not(empty(parameters('filter'))), parameters('filter'), createObject())]",
                "labels": "[if(not(empty(parameters('labels'))), parameters('labels'), createArray())]",
                "retryPolicy": "[if(not(empty(parameters('retryPolicy'))), parameters('retryPolicy'), null())]"
              }
            }
          ],
          "outputs": {
            "name": {
              "type": "string",
              "metadata": {
                "description": "The name of the event subscription."
              },
              "value": "[parameters('name')]"
            },
            "resourceId": {
              "type": "string",
              "metadata": {
                "description": "The resource ID of the event subscription."
              },
              "value": "[resourceId('Microsoft.EventGrid/systemTopics/eventSubscriptions', parameters('systemTopicName'), parameters('name'))]"
            },
            "resourceGroupName": {
              "type": "string",
              "metadata": {
                "description": "The name of the resource group the event subscription was deployed into."
              },
              "value": "[resourceGroup().name]"
            },
            "location": {
              "type": "string",
              "metadata": {
                "description": "The location the resource was deployed into."
              },
              "value": "[reference(resourceId('Microsoft.EventGrid/systemTopics', parameters('systemTopicName')), '2023-12-15-preview', 'full').location]"
            }
          }
        }
      },
      "dependsOn": [
        "systemTopic"
      ]
    }
  },
  "outputs": {
    "name": {
      "type": "string",
      "metadata": {
        "description": "The name of the event grid system topic."
      },
      "value": "[parameters('name')]"
    },
    "resourceId": {
      "type": "string",
      "metadata": {
        "description": "The resource ID of the event grid system topic."
      },
      "value": "[resourceId('Microsoft.EventGrid/systemTopics', parameters('name'))]"
    },
    "resourceGroupName": {
      "type": "string",
      "metadata": {
        "description": "The name of the resource group the event grid system topic was deployed into."
      },
      "value": "[resourceGroup().name]"
    },
    "systemAssignedMIPrincipalId": {
      "type": "string",
      "nullable": true,
      "metadata": {
        "description": "The principal ID of the system assigned identity."
      },
      "value": "[tryGet(tryGet(reference('systemTopic', '2023-12-15-preview', 'full'), 'identity'), 'principalId')]"
    },
    "location": {
      "type": "string",
      "metadata": {
        "description": "The location the resource was deployed into."
      },
      "value": "[reference('systemTopic', '2023-12-15-preview', 'full').location]"
    }
  }
}