{
  "$schema": "https://schema.management.azure.com/schemas/2019-04-01/deploymentTemplate.json#",
  "contentVersion": "1.0.0.0",
  "metadata": {
    "_generator": {
      "name": "bicep",
      "version": "0.33.93.31351",
      "templateHash": "13183080858238494781"
    },
    "name": "API Management Service APIs Diagnostics.",
    "description": "This module deploys an API Management Service API Diagnostics."
  },
  "parameters": {
    "apiManagementServiceName": {
      "type": "string",
      "metadata": {
        "description": "Required. The name of the parent API Management service."
      }
    },
    "apiName": {
      "type": "string",
      "metadata": {
        "description": "Required. The name of the parent API."
      }
    },
    "loggerName": {
      "type": "string",
      "metadata": {
        "description": "Required. The name of the logger."
      }
    },
    "name": {
      "type": "string",
      "defaultValue": "local",
      "allowedValues": [
        "azuremonitor",
        "applicationinsights",
        "local"
      ],
      "metadata": {
        "description": "Optional. Type of diagnostic resource."
      }
    },
    "alwaysLog": {
      "type": "string",
      "defaultValue": "allErrors",
      "metadata": {
        "description": "Optional. Specifies for what type of messages sampling settings should not apply."
      }
    },
    "backend": {
      "type": "object",
      "defaultValue": {},
      "metadata": {
        "description": "Optional. Diagnostic settings for incoming/outgoing HTTP messages to the Backend."
      }
    },
    "frontend": {
      "type": "object",
      "defaultValue": {},
      "metadata": {
        "description": "Optional. Diagnostic settings for incoming/outgoing HTTP messages to the Gateway."
      }
    },
    "httpCorrelationProtocol": {
      "type": "string",
      "defaultValue": "Legacy",
      "allowedValues": [
        "Legacy",
        "None",
        "W3C"
      ],
      "metadata": {
        "description": "Conditional. Sets correlation protocol to use for Application Insights diagnostics. Required if using Application Insights."
      }
    },
    "logClientIp": {
      "type": "bool",
      "defaultValue": false,
      "metadata": {
        "description": "Optional. Log the ClientIP."
      }
    },
    "metrics": {
      "type": "bool",
      "defaultValue": false,
      "metadata": {
        "description": "Conditional. Emit custom metrics via emit-metric policy. Required if using Application Insights."
      }
    },
    "operationNameFormat": {
      "type": "string",
      "defaultValue": "Name",
      "allowedValues": [
        "Name",
        "URI"
      ],
      "metadata": {
        "description": "Conditional. The format of the Operation Name for Application Insights telemetries. Required if using Application Insights."
      }
    },
    "samplingPercentage": {
      "type": "int",
      "defaultValue": 100,
      "metadata": {
        "description": "Optional. Rate of sampling for fixed-rate sampling. Specifies the percentage of requests that are logged. 0% sampling means zero requests logged, while 100% sampling means all requests logged."
      }
    },
    "verbosity": {
      "type": "string",
      "defaultValue": "error",
      "allowedValues": [
        "error",
        "information",
        "verbose"
      ],
      "metadata": {
        "description": "Optional. The verbosity level applied to traces emitted by trace policies."
      }
    }
  },
  "resources": [
    {
      "type": "Microsoft.ApiManagement/service/apis/diagnostics",
      "apiVersion": "2022-08-01",
      "name": "[format('{0}/{1}/{2}', parameters('apiManagementServiceName'), parameters('apiName'), parameters('name'))]",
      "properties": {
        "alwaysLog": "[parameters('alwaysLog')]",
        "backend": "[parameters('backend')]",
        "frontend": "[parameters('frontend')]",
        "httpCorrelationProtocol": "[parameters('httpCorrelationProtocol')]",
        "logClientIp": "[parameters('logClientIp')]",
        "loggerId": "[resourceId('Microsoft.ApiManagement/service/loggers', parameters('apiManagementServiceName'), parameters('loggerName'))]",
        "metrics": "[parameters('metrics')]",
        "operationNameFormat": "[parameters('operationNameFormat')]",
        "sampling": {
          "percentage": "[parameters('samplingPercentage')]",
          "samplingType": "fixed"
        },
        "verbosity": "[parameters('verbosity')]"
      }
    }
  ],
  "outputs": {
    "resourceId": {
      "type": "string",
      "metadata": {
        "description": "The resource ID of the API diagnostic."
      },
      "value": "[resourceId('Microsoft.ApiManagement/service/apis/diagnostics', parameters('apiManagementServiceName'), parameters('apiName'), parameters('name'))]"
    },
    "name": {
      "type": "string",
      "metadata": {
        "description": "The name of the API diagnostic."
      },
      "value": "[parameters('name')]"
    },
    "resourceGroupName": {
      "type": "string",
      "metadata": {
        "description": "The resource group the API diagnostic was deployed into."
      },
      "value": "[resourceGroup().name]"
    }
  }
}