{
  "$schema": "https://schema.management.azure.com/schemas/2019-04-01/deploymentTemplate.json#",
  "languageVersion": "2.0",
  "contentVersion": "1.0.0.0",
  "metadata": {
    "_generator": {
      "name": "bicep",
      "version": "0.32.4.45862",
      "templateHash": "3106672883286346461"
    },
    "name": "Images",
    "description": "This module deploys a Compute Image."
  },
  "definitions": {
    "roleAssignmentType": {
      "type": "object",
      "properties": {
        "name": {
          "type": "string",
          "nullable": true,
          "metadata": {
            "description": "Optional. The name (as GUID) of the role assignment. If not provided, a GUID will be generated."
          }
        },
        "roleDefinitionIdOrName": {
          "type": "string",
          "metadata": {
            "description": "Required. The role to assign. You can provide either the display name of the role definition, the role definition GUID, or its fully qualified ID in the following format: '/providers/Microsoft.Authorization/roleDefinitions/c2f4ef07-c644-48eb-af81-4b1b4947fb11'."
          }
        },
        "principalId": {
          "type": "string",
          "metadata": {
            "description": "Required. The principal ID of the principal (user/group/identity) to assign the role to."
          }
        },
        "principalType": {
          "type": "string",
          "allowedValues": [
            "Device",
            "ForeignGroup",
            "Group",
            "ServicePrincipal",
            "User"
          ],
          "nullable": true,
          "metadata": {
            "description": "Optional. The principal type of the assigned principal ID."
          }
        },
        "description": {
          "type": "string",
          "nullable": true,
          "metadata": {
            "description": "Optional. The description of the role assignment."
          }
        },
        "condition": {
          "type": "string",
          "nullable": true,
          "metadata": {
            "description": "Optional. The conditions on the role assignment. This limits the resources it can be assigned to. e.g.: @Resource[Microsoft.Storage/storageAccounts/blobServices/containers:ContainerName] StringEqualsIgnoreCase \"foo_storage_container\"."
          }
        },
        "conditionVersion": {
          "type": "string",
          "allowedValues": [
            "2.0"
          ],
          "nullable": true,
          "metadata": {
            "description": "Optional. Version of the condition."
          }
        },
        "delegatedManagedIdentityResourceId": {
          "type": "string",
          "nullable": true,
          "metadata": {
            "description": "Optional. The Resource Id of the delegated managed identity resource."
          }
        }
      },
      "metadata": {
        "description": "An AVM-aligned type for a role assignment.",
        "__bicep_imported_from!": {
          "sourceTemplate": "br:mcr.microsoft.com/bicep/avm/utl/types/avm-common-types:0.4.1"
        }
      }
    }
  },
  "parameters": {
    "name": {
      "type": "string",
      "metadata": {
        "description": "Required. The name of the image."
      }
    },
    "location": {
      "type": "string",
      "defaultValue": "[resourceGroup().location]",
      "metadata": {
        "description": "Optional. Location for all resources."
      }
    },
    "osDiskBlobUri": {
      "type": "string",
      "metadata": {
        "description": "Required. The Virtual Hard Disk."
      }
    },
    "osType": {
      "type": "string",
      "allowedValues": [
        "Windows",
        "Linux"
      ],
      "metadata": {
        "description": "Required. This property allows you to specify the type of the OS that is included in the disk if creating a VM from a custom image."
      }
    },
    "osDiskCaching": {
      "type": "string",
      "allowedValues": [
        "None",
        "ReadOnly",
        "ReadWrite"
      ],
      "metadata": {
        "description": "Required. Specifies the caching requirements. Default: None for Standard storage. ReadOnly for Premium storage."
      }
    },
    "osAccountType": {
      "type": "string",
      "allowedValues": [
        "Standard_LRS",
        "Premium_LRS",
        "StandardSSD_LRS",
        "UltraSSD_LRS"
      ],
      "metadata": {
        "description": "Required. Specifies the storage account type for the managed disk. NOTE: UltraSSD_LRS can only be used with data disks, it cannot be used with OS Disk."
      }
    },
    "zoneResilient": {
      "type": "bool",
      "defaultValue": false,
      "metadata": {
        "description": "Optional. Default is false. Specifies whether an image is zone resilient or not. Zone resilient images can be created only in regions that provide Zone Redundant Storage (ZRS)."
      }
    },
    "hyperVGeneration": {
      "type": "string",
      "defaultValue": "V1",
      "allowedValues": [
        "V1",
        "V2"
      ],
      "metadata": {
        "description": "Optional. Gets the HyperVGenerationType of the VirtualMachine created from the image."
      }
    },
    "roleAssignments": {
      "type": "array",
      "items": {
        "$ref": "#/definitions/roleAssignmentType"
      },
      "nullable": true,
      "metadata": {
        "description": "Optional. Array of role assignments to create."
      }
    },
    "tags": {
      "type": "object",
      "nullable": true,
      "metadata": {
        "description": "Optional. Tags of the resource."
      }
    },
    "extendedLocation": {
      "type": "object",
      "nullable": true,
      "metadata": {
        "description": "Optional. The extended location of the Image."
      }
    },
    "sourceVirtualMachineResourceId": {
      "type": "string",
      "nullable": true,
      "metadata": {
        "description": "Optional. The source virtual machine from which Image is created."
      }
    },
    "diskEncryptionSetResourceId": {
      "type": "string",
      "nullable": true,
      "metadata": {
        "description": "Optional. Specifies the customer managed disk encryption set resource ID for the managed image disk."
      }
    },
    "managedDiskResourceId": {
      "type": "string",
      "nullable": true,
      "metadata": {
        "description": "Optional. The managedDisk."
      }
    },
    "diskSizeGB": {
      "type": "int",
      "defaultValue": 128,
      "metadata": {
        "description": "Optional. Specifies the size of empty data disks in gigabytes. This element can be used to overwrite the name of the disk in a virtual machine image. This value cannot be larger than 1023 GB."
      }
    },
    "osState": {
      "type": "string",
      "defaultValue": "Generalized",
      "allowedValues": [
        "Generalized",
        "Specialized"
      ],
      "metadata": {
        "description": "Optional. The OS State. For managed images, use Generalized."
      }
    },
    "snapshotResourceId": {
      "type": "string",
      "nullable": true,
      "metadata": {
        "description": "Optional. The snapshot resource ID."
      }
    },
    "dataDisks": {
      "type": "array",
      "defaultValue": [],
      "metadata": {
        "description": "Optional. Specifies the parameters that are used to add a data disk to a virtual machine."
      }
    },
    "enableTelemetry": {
      "type": "bool",
      "defaultValue": true,
      "metadata": {
        "description": "Optional. Enable/Disable usage telemetry for module."
      }
    }
  },
  "variables": {
    "copy": [
      {
        "name": "formattedRoleAssignments",
        "count": "[length(coalesce(parameters('roleAssignments'), createArray()))]",
        "input": "[union(coalesce(parameters('roleAssignments'), createArray())[copyIndex('formattedRoleAssignments')], createObject('roleDefinitionId', coalesce(tryGet(variables('builtInRoleNames'), coalesce(parameters('roleAssignments'), createArray())[copyIndex('formattedRoleAssignments')].roleDefinitionIdOrName), if(contains(coalesce(parameters('roleAssignments'), createArray())[copyIndex('formattedRoleAssignments')].roleDefinitionIdOrName, '/providers/Microsoft.Authorization/roleDefinitions/'), coalesce(parameters('roleAssignments'), createArray())[copyIndex('formattedRoleAssignments')].roleDefinitionIdOrName, subscriptionResourceId('Microsoft.Authorization/roleDefinitions', coalesce(parameters('roleAssignments'), createArray())[copyIndex('formattedRoleAssignments')].roleDefinitionIdOrName)))))]"
      }
    ],
    "builtInRoleNames": {
      "Contributor": "[subscriptionResourceId('Microsoft.Authorization/roleDefinitions', 'b24988ac-6180-42a0-ab88-20f7382dd24c')]",
      "Owner": "[subscriptionResourceId('Microsoft.Authorization/roleDefinitions', '8e3af657-a8ff-443c-a75c-2fe8c4bcb635')]",
      "Reader": "[subscriptionResourceId('Microsoft.Authorization/roleDefinitions', 'acdd72a7-3385-48ef-bd42-f606fba81ae7')]",
      "Role Based Access Control Administrator": "[subscriptionResourceId('Microsoft.Authorization/roleDefinitions', 'f58310d9-a9f6-439a-9e8d-f62e7b41a168')]",
      "User Access Administrator": "[subscriptionResourceId('Microsoft.Authorization/roleDefinitions', '18d7d88d-d35e-4fb5-a5c3-7773c20a72d9')]"
    }
  },
  "resources": {
    "avmTelemetry": {
      "condition": "[parameters('enableTelemetry')]",
      "type": "Microsoft.Resources/deployments",
      "apiVersion": "2024-03-01",
      "name": "[format('46d3xbcp.res.compute-image.{0}.{1}', replace('-..--..-', '.', '-'), substring(uniqueString(deployment().name, parameters('location')), 0, 4))]",
      "properties": {
        "mode": "Incremental",
        "template": {
          "$schema": "https://schema.management.azure.com/schemas/2019-04-01/deploymentTemplate.json#",
          "contentVersion": "1.0.0.0",
          "resources": [],
          "outputs": {
            "telemetry": {
              "type": "String",
              "value": "For more information, see https://aka.ms/avm/TelemetryInfo"
            }
          }
        }
      }
    },
    "image": {
      "type": "Microsoft.Compute/images",
      "apiVersion": "2024-07-01",
      "name": "[parameters('name')]",
      "location": "[parameters('location')]",
      "tags": "[parameters('tags')]",
      "extendedLocation": "[parameters('extendedLocation')]",
      "properties": {
        "storageProfile": {
          "osDisk": {
            "osType": "[parameters('osType')]",
            "blobUri": "[parameters('osDiskBlobUri')]",
            "caching": "[parameters('osDiskCaching')]",
            "storageAccountType": "[parameters('osAccountType')]",
            "osState": "[parameters('osState')]",
            "diskEncryptionSet": "[if(not(empty(parameters('diskEncryptionSetResourceId'))), createObject('id', parameters('diskEncryptionSetResourceId')), null())]",
            "diskSizeGB": "[parameters('diskSizeGB')]",
            "managedDisk": "[if(not(empty(parameters('managedDiskResourceId'))), createObject('id', parameters('managedDiskResourceId')), null())]",
            "snapshot": "[if(not(empty(parameters('snapshotResourceId'))), createObject('id', parameters('snapshotResourceId')), null())]"
          },
          "dataDisks": "[parameters('dataDisks')]",
          "zoneResilient": "[parameters('zoneResilient')]"
        },
        "hyperVGeneration": "[parameters('hyperVGeneration')]",
        "sourceVirtualMachine": "[if(not(empty(parameters('sourceVirtualMachineResourceId'))), createObject('id', parameters('sourceVirtualMachineResourceId')), null())]"
      }
    },
    "image_roleAssignments": {
      "copy": {
        "name": "image_roleAssignments",
        "count": "[length(coalesce(variables('formattedRoleAssignments'), createArray()))]"
      },
      "type": "Microsoft.Authorization/roleAssignments",
      "apiVersion": "2022-04-01",
      "scope": "[format('Microsoft.Compute/images/{0}', parameters('name'))]",
      "name": "[coalesce(tryGet(coalesce(variables('formattedRoleAssignments'), createArray())[copyIndex()], 'name'), guid(resourceId('Microsoft.Compute/images', parameters('name')), coalesce(variables('formattedRoleAssignments'), createArray())[copyIndex()].principalId, coalesce(variables('formattedRoleAssignments'), createArray())[copyIndex()].roleDefinitionId))]",
      "properties": {
        "roleDefinitionId": "[coalesce(variables('formattedRoleAssignments'), createArray())[copyIndex()].roleDefinitionId]",
        "principalId": "[coalesce(variables('formattedRoleAssignments'), createArray())[copyIndex()].principalId]",
        "description": "[tryGet(coalesce(variables('formattedRoleAssignments'), createArray())[copyIndex()], 'description')]",
        "principalType": "[tryGet(coalesce(variables('formattedRoleAssignments'), createArray())[copyIndex()], 'principalType')]",
        "condition": "[tryGet(coalesce(variables('formattedRoleAssignments'), createArray())[copyIndex()], 'condition')]",
        "conditionVersion": "[if(not(empty(tryGet(coalesce(variables('formattedRoleAssignments'), createArray())[copyIndex()], 'condition'))), coalesce(tryGet(coalesce(variables('formattedRoleAssignments'), createArray())[copyIndex()], 'conditionVersion'), '2.0'), null())]",
        "delegatedManagedIdentityResourceId": "[tryGet(coalesce(variables('formattedRoleAssignments'), createArray())[copyIndex()], 'delegatedManagedIdentityResourceId')]"
      },
      "dependsOn": [
        "image"
      ]
    }
  },
  "outputs": {
    "resourceId": {
      "type": "string",
      "metadata": {
        "description": "The resource ID of the image."
      },
      "value": "[resourceId('Microsoft.Compute/images', parameters('name'))]"
    },
    "resourceGroupName": {
      "type": "string",
      "metadata": {
        "description": "The resource group the image was deployed into."
      },
      "value": "[resourceGroup().name]"
    },
    "name": {
      "type": "string",
      "metadata": {
        "description": "The name of the image."
      },
      "value": "[parameters('name')]"
    },
    "location": {
      "type": "string",
      "metadata": {
        "description": "The location the resource was deployed into."
      },
      "value": "[reference('image', '2024-07-01', 'full').location]"
    }
  }
}