{
  "$schema": "https://schema.management.azure.com/schemas/2019-04-01/deploymentTemplate.json#",
  "languageVersion": "2.0",
  "contentVersion": "1.0.0.0",
  "metadata": {
    "_generator": {
      "name": "bicep",
      "version": "0.33.93.31351",
      "templateHash": "4741547827723795923"
    },
    "name": "Key Vault Secrets",
    "description": "This module deploys a Key Vault Secret."
  },
  "definitions": {
    "roleAssignmentType": {
      "type": "object",
      "properties": {
        "name": {
          "type": "string",
          "nullable": true,
          "metadata": {
            "description": "Optional. The name (as GUID) of the role assignment. If not provided, a GUID will be generated."
          }
        },
        "roleDefinitionIdOrName": {
          "type": "string",
          "metadata": {
            "description": "Required. The role to assign. You can provide either the display name of the role definition, the role definition GUID, or its fully qualified ID in the following format: '/providers/Microsoft.Authorization/roleDefinitions/c2f4ef07-c644-48eb-af81-4b1b4947fb11'."
          }
        },
        "principalId": {
          "type": "string",
          "metadata": {
            "description": "Required. The principal ID of the principal (user/group/identity) to assign the role to."
          }
        },
        "principalType": {
          "type": "string",
          "allowedValues": [
            "Device",
            "ForeignGroup",
            "Group",
            "ServicePrincipal",
            "User"
          ],
          "nullable": true,
          "metadata": {
            "description": "Optional. The principal type of the assigned principal ID."
          }
        },
        "description": {
          "type": "string",
          "nullable": true,
          "metadata": {
            "description": "Optional. The description of the role assignment."
          }
        },
        "condition": {
          "type": "string",
          "nullable": true,
          "metadata": {
            "description": "Optional. The conditions on the role assignment. This limits the resources it can be assigned to. e.g.: @Resource[Microsoft.Storage/storageAccounts/blobServices/containers:ContainerName] StringEqualsIgnoreCase \"foo_storage_container\"."
          }
        },
        "conditionVersion": {
          "type": "string",
          "allowedValues": [
            "2.0"
          ],
          "nullable": true,
          "metadata": {
            "description": "Optional. Version of the condition."
          }
        },
        "delegatedManagedIdentityResourceId": {
          "type": "string",
          "nullable": true,
          "metadata": {
            "description": "Optional. The Resource Id of the delegated managed identity resource."
          }
        }
      },
      "metadata": {
        "description": "An AVM-aligned type for a role assignment.",
        "__bicep_imported_from!": {
          "sourceTemplate": "br:mcr.microsoft.com/bicep/avm/utl/types/avm-common-types:0.5.1"
        }
      }
    }
  },
  "parameters": {
    "keyVaultName": {
      "type": "string",
      "metadata": {
        "description": "Conditional. The name of the parent key vault. Required if the template is used in a standalone deployment."
      }
    },
    "name": {
      "type": "string",
      "metadata": {
        "description": "Required. The name of the secret."
      }
    },
    "tags": {
      "type": "object",
      "nullable": true,
      "metadata": {
        "description": "Optional. Resource tags."
      }
    },
    "attributesEnabled": {
      "type": "bool",
      "defaultValue": true,
      "metadata": {
        "description": "Optional. Determines whether the object is enabled."
      }
    },
    "attributesExp": {
      "type": "int",
      "nullable": true,
      "metadata": {
        "description": "Optional. Expiry date in seconds since 1970-01-01T00:00:00Z. For security reasons, it is recommended to set an expiration date whenever possible."
      }
    },
    "attributesNbf": {
      "type": "int",
      "nullable": true,
      "metadata": {
        "description": "Optional. Not before date in seconds since 1970-01-01T00:00:00Z."
      }
    },
    "contentType": {
      "type": "securestring",
      "nullable": true,
      "metadata": {
        "description": "Optional. The content type of the secret."
      }
    },
    "value": {
      "type": "securestring",
      "metadata": {
        "description": "Required. The value of the secret. NOTE: \"value\" will never be returned from the service, as APIs using this model are is intended for internal use in ARM deployments. Users should use the data-plane REST service for interaction with vault secrets."
      }
    },
    "roleAssignments": {
      "type": "array",
      "items": {
        "$ref": "#/definitions/roleAssignmentType"
      },
      "nullable": true,
      "metadata": {
        "description": "Optional. Array of role assignments to create."
      }
    }
  },
  "variables": {
    "copy": [
      {
        "name": "formattedRoleAssignments",
        "count": "[length(coalesce(parameters('roleAssignments'), createArray()))]",
        "input": "[union(coalesce(parameters('roleAssignments'), createArray())[copyIndex('formattedRoleAssignments')], createObject('roleDefinitionId', coalesce(tryGet(variables('builtInRoleNames'), coalesce(parameters('roleAssignments'), createArray())[copyIndex('formattedRoleAssignments')].roleDefinitionIdOrName), if(contains(coalesce(parameters('roleAssignments'), createArray())[copyIndex('formattedRoleAssignments')].roleDefinitionIdOrName, '/providers/Microsoft.Authorization/roleDefinitions/'), coalesce(parameters('roleAssignments'), createArray())[copyIndex('formattedRoleAssignments')].roleDefinitionIdOrName, subscriptionResourceId('Microsoft.Authorization/roleDefinitions', coalesce(parameters('roleAssignments'), createArray())[copyIndex('formattedRoleAssignments')].roleDefinitionIdOrName)))))]"
      }
    ],
    "builtInRoleNames": {
      "Contributor": "[subscriptionResourceId('Microsoft.Authorization/roleDefinitions', 'b24988ac-6180-42a0-ab88-20f7382dd24c')]",
      "Key Vault Administrator": "[subscriptionResourceId('Microsoft.Authorization/roleDefinitions', '00482a5a-887f-4fb3-b363-3b7fe8e74483')]",
      "Key Vault Contributor": "[subscriptionResourceId('Microsoft.Authorization/roleDefinitions', 'f25e0fa2-a7c8-4377-a976-54943a77a395')]",
      "Key Vault Reader": "[subscriptionResourceId('Microsoft.Authorization/roleDefinitions', '21090545-7ca7-4776-b22c-e363652d74d2')]",
      "Key Vault Secrets Officer": "[subscriptionResourceId('Microsoft.Authorization/roleDefinitions', 'b86a8fe4-44ce-4948-aee5-eccb2c155cd7')]",
      "Key Vault Secrets User": "[subscriptionResourceId('Microsoft.Authorization/roleDefinitions', '4633458b-17de-408a-b874-0445c86b69e6')]",
      "Owner": "[subscriptionResourceId('Microsoft.Authorization/roleDefinitions', '8e3af657-a8ff-443c-a75c-2fe8c4bcb635')]",
      "Reader": "[subscriptionResourceId('Microsoft.Authorization/roleDefinitions', 'acdd72a7-3385-48ef-bd42-f606fba81ae7')]",
      "Role Based Access Control Administrator": "[subscriptionResourceId('Microsoft.Authorization/roleDefinitions', 'f58310d9-a9f6-439a-9e8d-f62e7b41a168')]",
      "User Access Administrator": "[subscriptionResourceId('Microsoft.Authorization/roleDefinitions', '18d7d88d-d35e-4fb5-a5c3-7773c20a72d9')]"
    }
  },
  "resources": {
    "keyVault": {
      "existing": true,
      "type": "Microsoft.KeyVault/vaults",
      "apiVersion": "2022-07-01",
      "name": "[parameters('keyVaultName')]"
    },
    "secret": {
      "type": "Microsoft.KeyVault/vaults/secrets",
      "apiVersion": "2022-07-01",
      "name": "[format('{0}/{1}', parameters('keyVaultName'), parameters('name'))]",
      "tags": "[parameters('tags')]",
      "properties": {
        "contentType": "[parameters('contentType')]",
        "attributes": {
          "enabled": "[parameters('attributesEnabled')]",
          "exp": "[parameters('attributesExp')]",
          "nbf": "[parameters('attributesNbf')]"
        },
        "value": "[parameters('value')]"
      }
    },
    "secret_roleAssignments": {
      "copy": {
        "name": "secret_roleAssignments",
        "count": "[length(coalesce(variables('formattedRoleAssignments'), createArray()))]"
      },
      "type": "Microsoft.Authorization/roleAssignments",
      "apiVersion": "2022-04-01",
      "scope": "[format('Microsoft.KeyVault/vaults/{0}/secrets/{1}', parameters('keyVaultName'), parameters('name'))]",
      "name": "[coalesce(tryGet(coalesce(variables('formattedRoleAssignments'), createArray())[copyIndex()], 'name'), guid(resourceId('Microsoft.KeyVault/vaults/secrets', parameters('keyVaultName'), parameters('name')), coalesce(variables('formattedRoleAssignments'), createArray())[copyIndex()].principalId, coalesce(variables('formattedRoleAssignments'), createArray())[copyIndex()].roleDefinitionId))]",
      "properties": {
        "roleDefinitionId": "[coalesce(variables('formattedRoleAssignments'), createArray())[copyIndex()].roleDefinitionId]",
        "principalId": "[coalesce(variables('formattedRoleAssignments'), createArray())[copyIndex()].principalId]",
        "description": "[tryGet(coalesce(variables('formattedRoleAssignments'), createArray())[copyIndex()], 'description')]",
        "principalType": "[tryGet(coalesce(variables('formattedRoleAssignments'), createArray())[copyIndex()], 'principalType')]",
        "condition": "[tryGet(coalesce(variables('formattedRoleAssignments'), createArray())[copyIndex()], 'condition')]",
        "conditionVersion": "[if(not(empty(tryGet(coalesce(variables('formattedRoleAssignments'), createArray())[copyIndex()], 'condition'))), coalesce(tryGet(coalesce(variables('formattedRoleAssignments'), createArray())[copyIndex()], 'conditionVersion'), '2.0'), null())]",
        "delegatedManagedIdentityResourceId": "[tryGet(coalesce(variables('formattedRoleAssignments'), createArray())[copyIndex()], 'delegatedManagedIdentityResourceId')]"
      },
      "dependsOn": [
        "secret"
      ]
    }
  },
  "outputs": {
    "name": {
      "type": "string",
      "metadata": {
        "description": "The name of the secret."
      },
      "value": "[parameters('name')]"
    },
    "resourceId": {
      "type": "string",
      "metadata": {
        "description": "The resource ID of the secret."
      },
      "value": "[resourceId('Microsoft.KeyVault/vaults/secrets', parameters('keyVaultName'), parameters('name'))]"
    },
    "secretUri": {
      "type": "string",
      "metadata": {
        "description": "The uri of the secret."
      },
      "value": "[reference('secret').secretUri]"
    },
    "secretUriWithVersion": {
      "type": "string",
      "metadata": {
        "description": "The uri with version of the secret."
      },
      "value": "[reference('secret').secretUriWithVersion]"
    },
    "resourceGroupName": {
      "type": "string",
      "metadata": {
        "description": "The name of the resource group the secret was created in."
      },
      "value": "[resourceGroup().name]"
    }
  }
}