{
  "$schema": "https://schema.management.azure.com/schemas/2019-04-01/deploymentTemplate.json#",
  "languageVersion": "2.0",
  "contentVersion": "1.0.0.0",
  "metadata": {
    "_generator": {
      "name": "bicep",
      "version": "0.32.4.45862",
      "templateHash": "616504106529068315"
    },
    "name": "Public SSH Keys",
    "description": "This module deploys a Public SSH Key.\n\n> Note: The resource does not auto-generate the key for you."
  },
  "definitions": {
    "roleAssignmentType": {
      "type": "array",
      "items": {
        "type": "object",
        "properties": {
          "name": {
            "type": "string",
            "nullable": true,
            "metadata": {
              "description": "Optional. The name (as GUID) of the role assignment. If not provided, a GUID will be generated."
            }
          },
          "roleDefinitionIdOrName": {
            "type": "string",
            "metadata": {
              "description": "Required. The role to assign. You can provide either the display name of the role definition, the role definition GUID, or its fully qualified ID in the following format: '/providers/Microsoft.Authorization/roleDefinitions/c2f4ef07-c644-48eb-af81-4b1b4947fb11'."
            }
          },
          "principalId": {
            "type": "string",
            "metadata": {
              "description": "Required. The principal ID of the principal (user/group/identity) to assign the role to."
            }
          },
          "principalType": {
            "type": "string",
            "allowedValues": [
              "Device",
              "ForeignGroup",
              "Group",
              "ServicePrincipal",
              "User"
            ],
            "nullable": true,
            "metadata": {
              "description": "Optional. The principal type of the assigned principal ID."
            }
          },
          "description": {
            "type": "string",
            "nullable": true,
            "metadata": {
              "description": "Optional. The description of the role assignment."
            }
          },
          "condition": {
            "type": "string",
            "nullable": true,
            "metadata": {
              "description": "Optional. The conditions on the role assignment. This limits the resources it can be assigned to. e.g.: @Resource[Microsoft.Storage/storageAccounts/blobServices/containers:ContainerName] StringEqualsIgnoreCase \"foo_storage_container\"."
            }
          },
          "conditionVersion": {
            "type": "string",
            "allowedValues": [
              "2.0"
            ],
            "nullable": true,
            "metadata": {
              "description": "Optional. Version of the condition."
            }
          },
          "delegatedManagedIdentityResourceId": {
            "type": "string",
            "nullable": true,
            "metadata": {
              "description": "Optional. The Resource Id of the delegated managed identity resource."
            }
          }
        }
      },
      "nullable": true
    },
    "lockType": {
      "type": "object",
      "properties": {
        "name": {
          "type": "string",
          "nullable": true,
          "metadata": {
            "description": "Optional. Specify the name of lock."
          }
        },
        "kind": {
          "type": "string",
          "allowedValues": [
            "CanNotDelete",
            "None",
            "ReadOnly"
          ],
          "nullable": true,
          "metadata": {
            "description": "Optional. Specify the type of lock."
          }
        }
      },
      "nullable": true
    }
  },
  "parameters": {
    "name": {
      "type": "string",
      "metadata": {
        "description": "Required. The name of the SSH public Key that is being created."
      }
    },
    "location": {
      "type": "string",
      "defaultValue": "[resourceGroup().location]",
      "metadata": {
        "description": "Optional. Resource location."
      }
    },
    "publicKey": {
      "type": "string",
      "nullable": true,
      "metadata": {
        "description": "Optional. SSH public key used to authenticate to a virtual machine through SSH. If this property is not initially provided when the resource is created, the publicKey property will be populated when generateKeyPair is called. If the public key is provided upon resource creation, the provided public key needs to be at least 2048-bit and in ssh-rsa format."
      }
    },
    "tags": {
      "type": "object",
      "nullable": true,
      "metadata": {
        "description": "Optional. Tags of the availability set resource."
      }
    },
    "lock": {
      "$ref": "#/definitions/lockType",
      "metadata": {
        "description": "Optional. The lock settings of the service."
      }
    },
    "roleAssignments": {
      "$ref": "#/definitions/roleAssignmentType",
      "metadata": {
        "description": "Optional. Array of role assignments to create."
      }
    },
    "enableTelemetry": {
      "type": "bool",
      "defaultValue": true,
      "metadata": {
        "description": "Optional. Enable/Disable usage telemetry for module."
      }
    }
  },
  "variables": {
    "copy": [
      {
        "name": "formattedRoleAssignments",
        "count": "[length(coalesce(parameters('roleAssignments'), createArray()))]",
        "input": "[union(coalesce(parameters('roleAssignments'), createArray())[copyIndex('formattedRoleAssignments')], createObject('roleDefinitionId', coalesce(tryGet(variables('builtInRoleNames'), coalesce(parameters('roleAssignments'), createArray())[copyIndex('formattedRoleAssignments')].roleDefinitionIdOrName), if(contains(coalesce(parameters('roleAssignments'), createArray())[copyIndex('formattedRoleAssignments')].roleDefinitionIdOrName, '/providers/Microsoft.Authorization/roleDefinitions/'), coalesce(parameters('roleAssignments'), createArray())[copyIndex('formattedRoleAssignments')].roleDefinitionIdOrName, subscriptionResourceId('Microsoft.Authorization/roleDefinitions', coalesce(parameters('roleAssignments'), createArray())[copyIndex('formattedRoleAssignments')].roleDefinitionIdOrName)))))]"
      }
    ],
    "builtInRoleNames": {
      "Contributor": "[subscriptionResourceId('Microsoft.Authorization/roleDefinitions', 'b24988ac-6180-42a0-ab88-20f7382dd24c')]",
      "Owner": "[subscriptionResourceId('Microsoft.Authorization/roleDefinitions', '8e3af657-a8ff-443c-a75c-2fe8c4bcb635')]",
      "Reader": "[subscriptionResourceId('Microsoft.Authorization/roleDefinitions', 'acdd72a7-3385-48ef-bd42-f606fba81ae7')]",
      "Role Based Access Control Administrator": "[subscriptionResourceId('Microsoft.Authorization/roleDefinitions', 'f58310d9-a9f6-439a-9e8d-f62e7b41a168')]",
      "User Access Administrator": "[subscriptionResourceId('Microsoft.Authorization/roleDefinitions', '18d7d88d-d35e-4fb5-a5c3-7773c20a72d9')]"
    }
  },
  "resources": {
    "avmTelemetry": {
      "condition": "[parameters('enableTelemetry')]",
      "type": "Microsoft.Resources/deployments",
      "apiVersion": "2024-03-01",
      "name": "[format('46d3xbcp.res.compute-sshpublickey.{0}.{1}', replace('-..--..-', '.', '-'), substring(uniqueString(deployment().name, parameters('location')), 0, 4))]",
      "properties": {
        "mode": "Incremental",
        "template": {
          "$schema": "https://schema.management.azure.com/schemas/2019-04-01/deploymentTemplate.json#",
          "contentVersion": "1.0.0.0",
          "resources": [],
          "outputs": {
            "telemetry": {
              "type": "String",
              "value": "For more information, see https://aka.ms/avm/TelemetryInfo"
            }
          }
        }
      }
    },
    "sshPublicKey": {
      "type": "Microsoft.Compute/sshPublicKeys",
      "apiVersion": "2024-03-01",
      "name": "[parameters('name')]",
      "location": "[parameters('location')]",
      "tags": "[parameters('tags')]",
      "properties": {
        "publicKey": "[parameters('publicKey')]"
      }
    },
    "sshPublicKeyLock": {
      "condition": "[and(not(empty(coalesce(parameters('lock'), createObject()))), not(equals(tryGet(parameters('lock'), 'kind'), 'None')))]",
      "type": "Microsoft.Authorization/locks",
      "apiVersion": "2020-05-01",
      "scope": "[format('Microsoft.Compute/sshPublicKeys/{0}', parameters('name'))]",
      "name": "[coalesce(tryGet(parameters('lock'), 'name'), format('lock-{0}', parameters('name')))]",
      "properties": {
        "level": "[coalesce(tryGet(parameters('lock'), 'kind'), '')]",
        "notes": "[if(equals(tryGet(parameters('lock'), 'kind'), 'CanNotDelete'), 'Cannot delete resource or child resources.', 'Cannot delete or modify the resource or child resources.')]"
      },
      "dependsOn": [
        "sshPublicKey"
      ]
    },
    "sshPublicKey_roleAssignments": {
      "copy": {
        "name": "sshPublicKey_roleAssignments",
        "count": "[length(coalesce(variables('formattedRoleAssignments'), createArray()))]"
      },
      "type": "Microsoft.Authorization/roleAssignments",
      "apiVersion": "2022-04-01",
      "scope": "[format('Microsoft.Compute/sshPublicKeys/{0}', parameters('name'))]",
      "name": "[coalesce(tryGet(coalesce(variables('formattedRoleAssignments'), createArray())[copyIndex()], 'name'), guid(resourceId('Microsoft.Compute/sshPublicKeys', parameters('name')), coalesce(variables('formattedRoleAssignments'), createArray())[copyIndex()].principalId, coalesce(variables('formattedRoleAssignments'), createArray())[copyIndex()].roleDefinitionId))]",
      "properties": {
        "roleDefinitionId": "[coalesce(variables('formattedRoleAssignments'), createArray())[copyIndex()].roleDefinitionId]",
        "principalId": "[coalesce(variables('formattedRoleAssignments'), createArray())[copyIndex()].principalId]",
        "description": "[tryGet(coalesce(variables('formattedRoleAssignments'), createArray())[copyIndex()], 'description')]",
        "principalType": "[tryGet(coalesce(variables('formattedRoleAssignments'), createArray())[copyIndex()], 'principalType')]",
        "condition": "[tryGet(coalesce(variables('formattedRoleAssignments'), createArray())[copyIndex()], 'condition')]",
        "conditionVersion": "[if(not(empty(tryGet(coalesce(variables('formattedRoleAssignments'), createArray())[copyIndex()], 'condition'))), coalesce(tryGet(coalesce(variables('formattedRoleAssignments'), createArray())[copyIndex()], 'conditionVersion'), '2.0'), null())]",
        "delegatedManagedIdentityResourceId": "[tryGet(coalesce(variables('formattedRoleAssignments'), createArray())[copyIndex()], 'delegatedManagedIdentityResourceId')]"
      },
      "dependsOn": [
        "sshPublicKey"
      ]
    }
  },
  "outputs": {
    "resourceGroupName": {
      "type": "string",
      "metadata": {
        "description": "The name of the Resource Group the Public SSH Key was created in."
      },
      "value": "[resourceGroup().name]"
    },
    "resourceId": {
      "type": "string",
      "metadata": {
        "description": "The resource ID of the Public SSH Key."
      },
      "value": "[resourceId('Microsoft.Compute/sshPublicKeys', parameters('name'))]"
    },
    "name": {
      "type": "string",
      "metadata": {
        "description": "The name of the Public SSH Key."
      },
      "value": "[parameters('name')]"
    },
    "location": {
      "type": "string",
      "metadata": {
        "description": "The location the resource was deployed into."
      },
      "value": "[reference('sshPublicKey', '2024-03-01', 'full').location]"
    }
  }
}