{
  "$schema": "https://schema.management.azure.com/schemas/2019-04-01/deploymentTemplate.json#",
  "languageVersion": "2.0",
  "contentVersion": "1.0.0.0",
  "metadata": {
    "_generator": {
      "name": "bicep",
      "version": "0.33.13.18514",
      "templateHash": "18326948801281911152"
    },
    "name": "Data Collection Rules",
    "description": "This module deploys a Data Collection Rule."
  },
  "definitions": {
    "dataCollectionRulePropertiesType": {
      "type": "object",
      "discriminator": {
        "propertyName": "kind",
        "mapping": {
          "Linux": {
            "$ref": "#/definitions/linuxDcrPropertiesType"
          },
          "Windows": {
            "$ref": "#/definitions/windowsDcrPropertiesType"
          },
          "All": {
            "$ref": "#/definitions/allPlatformsDcrPropertiesType"
          },
          "AgentSettings": {
            "$ref": "#/definitions/agentSettingsDcrPropertiesType"
          }
        }
      },
      "metadata": {
        "__bicep_export!": true
      }
    },
    "linuxDcrPropertiesType": {
      "type": "object",
      "properties": {
        "kind": {
          "type": "string",
          "allowedValues": [
            "Linux"
          ],
          "metadata": {
            "description": "Required. The platform type specifies the type of resources this rule can apply to."
          }
        },
        "dataSources": {
          "type": "object",
          "metadata": {
            "description": "Required. Specification of data sources that will be collected."
          }
        },
        "dataFlows": {
          "type": "array",
          "metadata": {
            "description": "Required. The specification of data flows."
          }
        },
        "destinations": {
          "type": "object",
          "metadata": {
            "description": "Required. Specification of destinations that can be used in data flows."
          }
        },
        "dataCollectionEndpointResourceId": {
          "type": "string",
          "nullable": true,
          "metadata": {
            "description": "Optional. The resource ID of the data collection endpoint that this rule can be used with."
          }
        },
        "streamDeclarations": {
          "type": "object",
          "nullable": true,
          "metadata": {
            "description": "Optional. Declaration of custom streams used in this rule."
          }
        },
        "description": {
          "type": "string",
          "nullable": true,
          "metadata": {
            "description": "Optional. Description of the data collection rule."
          }
        }
      }
    },
    "windowsDcrPropertiesType": {
      "type": "object",
      "properties": {
        "kind": {
          "type": "string",
          "allowedValues": [
            "Windows"
          ],
          "metadata": {
            "description": "Required. The platform type specifies the type of resources this rule can apply to."
          }
        },
        "dataSources": {
          "type": "object",
          "metadata": {
            "description": "Required. Specification of data sources that will be collected."
          }
        },
        "dataFlows": {
          "type": "array",
          "metadata": {
            "description": "Required. The specification of data flows."
          }
        },
        "destinations": {
          "type": "object",
          "metadata": {
            "description": "Required. Specification of destinations that can be used in data flows."
          }
        },
        "dataCollectionEndpointResourceId": {
          "type": "string",
          "nullable": true,
          "metadata": {
            "description": "Optional. The resource ID of the data collection endpoint that this rule can be used with."
          }
        },
        "streamDeclarations": {
          "type": "object",
          "nullable": true,
          "metadata": {
            "description": "Optional. Declaration of custom streams used in this rule."
          }
        },
        "description": {
          "type": "string",
          "nullable": true,
          "metadata": {
            "description": "Optional. Description of the data collection rule."
          }
        }
      }
    },
    "allPlatformsDcrPropertiesType": {
      "type": "object",
      "properties": {
        "kind": {
          "type": "string",
          "allowedValues": [
            "All"
          ],
          "metadata": {
            "description": "Required. The platform type specifies the type of resources this rule can apply to."
          }
        },
        "dataSources": {
          "type": "object",
          "metadata": {
            "description": "Required. Specification of data sources that will be collected."
          }
        },
        "dataFlows": {
          "type": "array",
          "metadata": {
            "description": "Required. The specification of data flows."
          }
        },
        "destinations": {
          "type": "object",
          "metadata": {
            "description": "Required. Specification of destinations that can be used in data flows."
          }
        },
        "dataCollectionEndpointResourceId": {
          "type": "string",
          "nullable": true,
          "metadata": {
            "description": "Optional. The resource ID of the data collection endpoint that this rule can be used with."
          }
        },
        "streamDeclarations": {
          "type": "object",
          "nullable": true,
          "metadata": {
            "description": "Optional. Declaration of custom streams used in this rule."
          }
        },
        "description": {
          "type": "string",
          "nullable": true,
          "metadata": {
            "description": "Optional. Description of the data collection rule."
          }
        }
      }
    },
    "agentSettingsDcrPropertiesType": {
      "type": "object",
      "properties": {
        "kind": {
          "type": "string",
          "allowedValues": [
            "AgentSettings"
          ],
          "metadata": {
            "description": "Required. The platform type specifies the type of resources this rule can apply to."
          }
        },
        "description": {
          "type": "string",
          "nullable": true,
          "metadata": {
            "description": "Optional. Description of the data collection rule."
          }
        },
        "agentSettings": {
          "$ref": "#/definitions/agentSettingsType",
          "metadata": {
            "description": "Required. Agent settings used to modify agent behavior on a given host."
          }
        }
      }
    },
    "agentSettingsType": {
      "type": "object",
      "properties": {
        "logs": {
          "type": "array",
          "items": {
            "$ref": "#/definitions/agentSettingType"
          },
          "metadata": {
            "description": "Required. All the settings that are applicable to the logs agent (AMA)."
          }
        }
      }
    },
    "agentSettingType": {
      "type": "object",
      "properties": {
        "name": {
          "type": "string",
          "allowedValues": [
            "MaxDiskQuotaInMB",
            "UseTimeReceivedForForwardedEvents"
          ],
          "metadata": {
            "description": "Required. The name of the agent setting."
          }
        },
        "value": {
          "type": "string",
          "metadata": {
            "description": "Required. The value of the agent setting."
          }
        }
      }
    },
    "lockType": {
      "type": "object",
      "properties": {
        "name": {
          "type": "string",
          "nullable": true,
          "metadata": {
            "description": "Optional. Specify the name of lock."
          }
        },
        "kind": {
          "type": "string",
          "allowedValues": [
            "CanNotDelete",
            "None",
            "ReadOnly"
          ],
          "nullable": true,
          "metadata": {
            "description": "Optional. Specify the type of lock."
          }
        }
      },
      "metadata": {
        "description": "An AVM-aligned type for a lock.",
        "__bicep_imported_from!": {
          "sourceTemplate": "br:mcr.microsoft.com/bicep/avm/utl/types/avm-common-types:0.3.0"
        }
      }
    },
    "managedIdentityAllType": {
      "type": "object",
      "properties": {
        "systemAssigned": {
          "type": "bool",
          "nullable": true,
          "metadata": {
            "description": "Optional. Enables system assigned managed identity on the resource."
          }
        },
        "userAssignedResourceIds": {
          "type": "array",
          "items": {
            "type": "string"
          },
          "nullable": true,
          "metadata": {
            "description": "Optional. The resource ID(s) to assign to the resource. Required if a user assigned identity is used for encryption."
          }
        }
      },
      "metadata": {
        "description": "An AVM-aligned type for a managed identity configuration. To be used if both a system-assigned & user-assigned identities are supported by the resource provider.",
        "__bicep_imported_from!": {
          "sourceTemplate": "br:mcr.microsoft.com/bicep/avm/utl/types/avm-common-types:0.3.0"
        }
      }
    },
    "roleAssignmentType": {
      "type": "object",
      "properties": {
        "name": {
          "type": "string",
          "nullable": true,
          "metadata": {
            "description": "Optional. The name (as GUID) of the role assignment. If not provided, a GUID will be generated."
          }
        },
        "roleDefinitionIdOrName": {
          "type": "string",
          "metadata": {
            "description": "Required. The role to assign. You can provide either the display name of the role definition, the role definition GUID, or its fully qualified ID in the following format: '/providers/Microsoft.Authorization/roleDefinitions/c2f4ef07-c644-48eb-af81-4b1b4947fb11'."
          }
        },
        "principalId": {
          "type": "string",
          "metadata": {
            "description": "Required. The principal ID of the principal (user/group/identity) to assign the role to."
          }
        },
        "principalType": {
          "type": "string",
          "allowedValues": [
            "Device",
            "ForeignGroup",
            "Group",
            "ServicePrincipal",
            "User"
          ],
          "nullable": true,
          "metadata": {
            "description": "Optional. The principal type of the assigned principal ID."
          }
        },
        "description": {
          "type": "string",
          "nullable": true,
          "metadata": {
            "description": "Optional. The description of the role assignment."
          }
        },
        "condition": {
          "type": "string",
          "nullable": true,
          "metadata": {
            "description": "Optional. The conditions on the role assignment. This limits the resources it can be assigned to. e.g.: @Resource[Microsoft.Storage/storageAccounts/blobServices/containers:ContainerName] StringEqualsIgnoreCase \"foo_storage_container\"."
          }
        },
        "conditionVersion": {
          "type": "string",
          "allowedValues": [
            "2.0"
          ],
          "nullable": true,
          "metadata": {
            "description": "Optional. Version of the condition."
          }
        },
        "delegatedManagedIdentityResourceId": {
          "type": "string",
          "nullable": true,
          "metadata": {
            "description": "Optional. The Resource Id of the delegated managed identity resource."
          }
        }
      },
      "metadata": {
        "description": "An AVM-aligned type for a role assignment.",
        "__bicep_imported_from!": {
          "sourceTemplate": "br:mcr.microsoft.com/bicep/avm/utl/types/avm-common-types:0.3.0"
        }
      }
    }
  },
  "parameters": {
    "name": {
      "type": "string",
      "metadata": {
        "description": "Required. The name of the data collection rule. The name is case insensitive."
      }
    },
    "dataCollectionRuleProperties": {
      "$ref": "#/definitions/dataCollectionRulePropertiesType",
      "metadata": {
        "description": "Required. The kind of data collection rule."
      }
    },
    "enableTelemetry": {
      "type": "bool",
      "defaultValue": true,
      "metadata": {
        "description": "Optional. Enable/Disable usage telemetry for module."
      }
    },
    "location": {
      "type": "string",
      "defaultValue": "[resourceGroup().location]",
      "metadata": {
        "description": "Optional. Location for all Resources."
      }
    },
    "lock": {
      "$ref": "#/definitions/lockType",
      "nullable": true,
      "metadata": {
        "description": "Optional. The lock settings of the service."
      }
    },
    "managedIdentities": {
      "$ref": "#/definitions/managedIdentityAllType",
      "nullable": true,
      "metadata": {
        "description": "Optional. The managed identity definition for this resource."
      }
    },
    "roleAssignments": {
      "type": "array",
      "items": {
        "$ref": "#/definitions/roleAssignmentType"
      },
      "nullable": true,
      "metadata": {
        "description": "Optional. Array of role assignments to create."
      }
    },
    "tags": {
      "type": "object",
      "nullable": true,
      "metadata": {
        "description": "Optional. Resource tags."
      }
    }
  },
  "variables": {
    "formattedUserAssignedIdentities": "[reduce(map(coalesce(tryGet(parameters('managedIdentities'), 'userAssignedResourceIds'), createArray()), lambda('id', createObject(format('{0}', lambdaVariables('id')), createObject()))), createObject(), lambda('cur', 'next', union(lambdaVariables('cur'), lambdaVariables('next'))))]",
    "identity": "[if(not(empty(parameters('managedIdentities'))), createObject('type', if(coalesce(tryGet(parameters('managedIdentities'), 'systemAssigned'), false()), if(not(empty(coalesce(tryGet(parameters('managedIdentities'), 'userAssignedResourceIds'), createObject()))), 'SystemAssigned,UserAssigned', 'SystemAssigned'), if(not(empty(coalesce(tryGet(parameters('managedIdentities'), 'userAssignedResourceIds'), createObject()))), 'UserAssigned', 'None')), 'userAssignedIdentities', if(not(empty(variables('formattedUserAssignedIdentities'))), variables('formattedUserAssignedIdentities'), null())), null())]",
    "builtInRoleNames": {
      "Contributor": "[subscriptionResourceId('Microsoft.Authorization/roleDefinitions', 'b24988ac-6180-42a0-ab88-20f7382dd24c')]",
      "Owner": "[subscriptionResourceId('Microsoft.Authorization/roleDefinitions', '8e3af657-a8ff-443c-a75c-2fe8c4bcb635')]",
      "Reader": "[subscriptionResourceId('Microsoft.Authorization/roleDefinitions', 'acdd72a7-3385-48ef-bd42-f606fba81ae7')]",
      "Role Based Access Control Administrator": "[subscriptionResourceId('Microsoft.Authorization/roleDefinitions', 'f58310d9-a9f6-439a-9e8d-f62e7b41a168')]",
      "User Access Administrator": "[subscriptionResourceId('Microsoft.Authorization/roleDefinitions', '18d7d88d-d35e-4fb5-a5c3-7773c20a72d9')]"
    },
    "dataCollectionRulePropertiesUnion": "[union(createObject('description', tryGet(parameters('dataCollectionRuleProperties'), 'description')), if(or(or(equals(parameters('dataCollectionRuleProperties').kind, 'Linux'), equals(parameters('dataCollectionRuleProperties').kind, 'Windows')), equals(parameters('dataCollectionRuleProperties').kind, 'All')), createObject('dataSources', parameters('dataCollectionRuleProperties').dataSources, 'dataFlows', parameters('dataCollectionRuleProperties').dataFlows, 'destinations', parameters('dataCollectionRuleProperties').destinations, 'dataCollectionEndpointId', tryGet(parameters('dataCollectionRuleProperties'), 'dataCollectionEndpointResourceId'), 'streamDeclarations', tryGet(parameters('dataCollectionRuleProperties'), 'streamDeclarations')), createObject()), if(equals(parameters('dataCollectionRuleProperties').kind, 'AgentSettings'), createObject('agentSettings', parameters('dataCollectionRuleProperties').agentSettings), createObject()))]"
  },
  "resources": {
    "avmTelemetry": {
      "condition": "[parameters('enableTelemetry')]",
      "type": "Microsoft.Resources/deployments",
      "apiVersion": "2024-03-01",
      "name": "[format('46d3xbcp.res.insights-datacollectionrule.{0}.{1}', replace('-..--..-', '.', '-'), substring(uniqueString(deployment().name, parameters('location')), 0, 4))]",
      "properties": {
        "mode": "Incremental",
        "template": {
          "$schema": "https://schema.management.azure.com/schemas/2019-04-01/deploymentTemplate.json#",
          "contentVersion": "1.0.0.0",
          "resources": [],
          "outputs": {
            "telemetry": {
              "type": "String",
              "value": "For more information, see https://aka.ms/avm/TelemetryInfo"
            }
          }
        }
      }
    },
    "dataCollectionRule": {
      "condition": "[not(equals(parameters('dataCollectionRuleProperties').kind, 'All'))]",
      "type": "Microsoft.Insights/dataCollectionRules",
      "apiVersion": "2023-03-11",
      "name": "[parameters('name')]",
      "kind": "[parameters('dataCollectionRuleProperties').kind]",
      "location": "[parameters('location')]",
      "tags": "[parameters('tags')]",
      "identity": "[variables('identity')]",
      "properties": "[variables('dataCollectionRulePropertiesUnion')]"
    },
    "dataCollectionRuleAll": {
      "condition": "[equals(parameters('dataCollectionRuleProperties').kind, 'All')]",
      "type": "Microsoft.Insights/dataCollectionRules",
      "apiVersion": "2023-03-11",
      "name": "[parameters('name')]",
      "location": "[parameters('location')]",
      "tags": "[parameters('tags')]",
      "identity": "[variables('identity')]",
      "properties": "[variables('dataCollectionRulePropertiesUnion')]"
    },
    "dataCollectionRule_conditionalScopeResources": {
      "condition": "[or(and(not(empty(coalesce(parameters('lock'), createObject()))), not(equals(tryGet(parameters('lock'), 'kind'), 'None'))), not(empty(coalesce(parameters('roleAssignments'), createArray()))))]",
      "type": "Microsoft.Resources/deployments",
      "apiVersion": "2022-09-01",
      "name": "[format('{0}-DCR-ConditionalScope', uniqueString(deployment().name, parameters('location')))]",
      "properties": {
        "expressionEvaluationOptions": {
          "scope": "inner"
        },
        "mode": "Incremental",
        "parameters": {
          "dataCollectionRuleName": "[if(equals(parameters('dataCollectionRuleProperties').kind, 'All'), createObject('value', parameters('name')), createObject('value', parameters('name')))]",
          "builtInRoleNames": {
            "value": "[variables('builtInRoleNames')]"
          },
          "lock": {
            "value": "[parameters('lock')]"
          },
          "roleAssignments": {
            "value": "[parameters('roleAssignments')]"
          }
        },
        "template": {
          "$schema": "https://schema.management.azure.com/schemas/2019-04-01/deploymentTemplate.json#",
          "languageVersion": "2.0",
          "contentVersion": "1.0.0.0",
          "metadata": {
            "_generator": {
              "name": "bicep",
              "version": "0.33.13.18514",
              "templateHash": "179607600205357551"
            }
          },
          "definitions": {
            "lockType": {
              "type": "object",
              "properties": {
                "name": {
                  "type": "string",
                  "nullable": true,
                  "metadata": {
                    "description": "Optional. Specify the name of lock."
                  }
                },
                "kind": {
                  "type": "string",
                  "allowedValues": [
                    "CanNotDelete",
                    "None",
                    "ReadOnly"
                  ],
                  "nullable": true,
                  "metadata": {
                    "description": "Optional. Specify the type of lock."
                  }
                }
              },
              "metadata": {
                "description": "An AVM-aligned type for a lock.",
                "__bicep_imported_from!": {
                  "sourceTemplate": "br:mcr.microsoft.com/bicep/avm/utl/types/avm-common-types:0.3.0"
                }
              }
            },
            "roleAssignmentType": {
              "type": "object",
              "properties": {
                "name": {
                  "type": "string",
                  "nullable": true,
                  "metadata": {
                    "description": "Optional. The name (as GUID) of the role assignment. If not provided, a GUID will be generated."
                  }
                },
                "roleDefinitionIdOrName": {
                  "type": "string",
                  "metadata": {
                    "description": "Required. The role to assign. You can provide either the display name of the role definition, the role definition GUID, or its fully qualified ID in the following format: '/providers/Microsoft.Authorization/roleDefinitions/c2f4ef07-c644-48eb-af81-4b1b4947fb11'."
                  }
                },
                "principalId": {
                  "type": "string",
                  "metadata": {
                    "description": "Required. The principal ID of the principal (user/group/identity) to assign the role to."
                  }
                },
                "principalType": {
                  "type": "string",
                  "allowedValues": [
                    "Device",
                    "ForeignGroup",
                    "Group",
                    "ServicePrincipal",
                    "User"
                  ],
                  "nullable": true,
                  "metadata": {
                    "description": "Optional. The principal type of the assigned principal ID."
                  }
                },
                "description": {
                  "type": "string",
                  "nullable": true,
                  "metadata": {
                    "description": "Optional. The description of the role assignment."
                  }
                },
                "condition": {
                  "type": "string",
                  "nullable": true,
                  "metadata": {
                    "description": "Optional. The conditions on the role assignment. This limits the resources it can be assigned to. e.g.: @Resource[Microsoft.Storage/storageAccounts/blobServices/containers:ContainerName] StringEqualsIgnoreCase \"foo_storage_container\"."
                  }
                },
                "conditionVersion": {
                  "type": "string",
                  "allowedValues": [
                    "2.0"
                  ],
                  "nullable": true,
                  "metadata": {
                    "description": "Optional. Version of the condition."
                  }
                },
                "delegatedManagedIdentityResourceId": {
                  "type": "string",
                  "nullable": true,
                  "metadata": {
                    "description": "Optional. The Resource Id of the delegated managed identity resource."
                  }
                }
              },
              "metadata": {
                "description": "An AVM-aligned type for a role assignment.",
                "__bicep_imported_from!": {
                  "sourceTemplate": "br:mcr.microsoft.com/bicep/avm/utl/types/avm-common-types:0.3.0"
                }
              }
            }
          },
          "parameters": {
            "roleAssignments": {
              "type": "array",
              "items": {
                "$ref": "#/definitions/roleAssignmentType"
              },
              "nullable": true,
              "metadata": {
                "description": "Optional. Array of role assignments to create."
              }
            },
            "builtInRoleNames": {
              "type": "object",
              "defaultValue": {},
              "metadata": {
                "description": "Optional. Built-in role names."
              }
            },
            "lock": {
              "$ref": "#/definitions/lockType",
              "nullable": true,
              "metadata": {
                "description": "Optional. The lock settings of the service."
              }
            },
            "dataCollectionRuleName": {
              "type": "string",
              "metadata": {
                "description": "Required. Name of the Data Collection Rule to assign the role(s) to."
              }
            }
          },
          "variables": {
            "copy": [
              {
                "name": "formattedRoleAssignments",
                "count": "[length(coalesce(parameters('roleAssignments'), createArray()))]",
                "input": "[union(coalesce(parameters('roleAssignments'), createArray())[copyIndex('formattedRoleAssignments')], createObject('roleDefinitionId', coalesce(tryGet(parameters('builtInRoleNames'), coalesce(parameters('roleAssignments'), createArray())[copyIndex('formattedRoleAssignments')].roleDefinitionIdOrName), if(contains(coalesce(parameters('roleAssignments'), createArray())[copyIndex('formattedRoleAssignments')].roleDefinitionIdOrName, '/providers/Microsoft.Authorization/roleDefinitions/'), coalesce(parameters('roleAssignments'), createArray())[copyIndex('formattedRoleAssignments')].roleDefinitionIdOrName, subscriptionResourceId('Microsoft.Authorization/roleDefinitions', coalesce(parameters('roleAssignments'), createArray())[copyIndex('formattedRoleAssignments')].roleDefinitionIdOrName)))))]"
              }
            ]
          },
          "resources": {
            "dataCollectionRule": {
              "existing": true,
              "type": "Microsoft.Insights/dataCollectionRules",
              "apiVersion": "2023-03-11",
              "name": "[parameters('dataCollectionRuleName')]"
            },
            "dataCollectionRule_roleAssignments": {
              "copy": {
                "name": "dataCollectionRule_roleAssignments",
                "count": "[length(coalesce(variables('formattedRoleAssignments'), createArray()))]"
              },
              "type": "Microsoft.Authorization/roleAssignments",
              "apiVersion": "2022-04-01",
              "scope": "[format('Microsoft.Insights/dataCollectionRules/{0}', parameters('dataCollectionRuleName'))]",
              "name": "[coalesce(tryGet(coalesce(variables('formattedRoleAssignments'), createArray())[copyIndex()], 'name'), guid(resourceGroup().id, coalesce(variables('formattedRoleAssignments'), createArray())[copyIndex()].principalId, coalesce(variables('formattedRoleAssignments'), createArray())[copyIndex()].roleDefinitionId))]",
              "properties": {
                "roleDefinitionId": "[coalesce(variables('formattedRoleAssignments'), createArray())[copyIndex()].roleDefinitionId]",
                "principalId": "[coalesce(variables('formattedRoleAssignments'), createArray())[copyIndex()].principalId]",
                "description": "[tryGet(coalesce(variables('formattedRoleAssignments'), createArray())[copyIndex()], 'description')]",
                "principalType": "[tryGet(coalesce(variables('formattedRoleAssignments'), createArray())[copyIndex()], 'principalType')]",
                "condition": "[tryGet(coalesce(variables('formattedRoleAssignments'), createArray())[copyIndex()], 'condition')]",
                "conditionVersion": "[if(not(empty(tryGet(coalesce(variables('formattedRoleAssignments'), createArray())[copyIndex()], 'condition'))), coalesce(tryGet(coalesce(variables('formattedRoleAssignments'), createArray())[copyIndex()], 'conditionVersion'), '2.0'), null())]",
                "delegatedManagedIdentityResourceId": "[tryGet(coalesce(variables('formattedRoleAssignments'), createArray())[copyIndex()], 'delegatedManagedIdentityResourceId')]"
              }
            },
            "dataCollectionRule_lock": {
              "condition": "[and(not(empty(coalesce(parameters('lock'), createObject()))), not(equals(tryGet(parameters('lock'), 'kind'), 'None')))]",
              "type": "Microsoft.Authorization/locks",
              "apiVersion": "2020-05-01",
              "scope": "[format('Microsoft.Insights/dataCollectionRules/{0}', parameters('dataCollectionRuleName'))]",
              "name": "[coalesce(tryGet(parameters('lock'), 'name'), format('lock-{0}', parameters('dataCollectionRuleName')))]",
              "properties": {
                "level": "[coalesce(tryGet(parameters('lock'), 'kind'), '')]",
                "notes": "[if(equals(tryGet(parameters('lock'), 'kind'), 'CanNotDelete'), 'Cannot delete resource or child resources.', 'Cannot delete or modify the resource or child resources.')]"
              }
            }
          }
        }
      },
      "dependsOn": [
        "dataCollectionRule",
        "dataCollectionRuleAll"
      ]
    }
  },
  "outputs": {
    "name": {
      "type": "string",
      "metadata": {
        "description": "The name of the dataCollectionRule."
      },
      "value": "[if(equals(parameters('dataCollectionRuleProperties').kind, 'All'), parameters('name'), parameters('name'))]"
    },
    "resourceId": {
      "type": "string",
      "metadata": {
        "description": "The resource ID of the dataCollectionRule."
      },
      "value": "[if(equals(parameters('dataCollectionRuleProperties').kind, 'All'), resourceId('Microsoft.Insights/dataCollectionRules', parameters('name')), resourceId('Microsoft.Insights/dataCollectionRules', parameters('name')))]"
    },
    "resourceGroupName": {
      "type": "string",
      "metadata": {
        "description": "The name of the resource group the dataCollectionRule was created in."
      },
      "value": "[resourceGroup().name]"
    },
    "location": {
      "type": "string",
      "metadata": {
        "description": "The location the resource was deployed into."
      },
      "value": "[if(equals(parameters('dataCollectionRuleProperties').kind, 'All'), reference('dataCollectionRuleAll', '2023-03-11', 'full').location, reference('dataCollectionRule', '2023-03-11', 'full').location)]"
    },
    "systemAssignedMIPrincipalId": {
      "type": "string",
      "nullable": true,
      "metadata": {
        "description": "The principal ID of the system assigned identity."
      },
      "value": "[if(equals(parameters('dataCollectionRuleProperties').kind, 'All'), tryGet(tryGet(reference('dataCollectionRuleAll', '2023-03-11', 'full'), 'identity'), 'principalId'), tryGet(tryGet(reference('dataCollectionRule', '2023-03-11', 'full'), 'identity'), 'principalId'))]"
    }
  }
}